DATE OCC,TIME OCC,LAT,LON,AREA,AREA NAME
09/02/2024 12:00:00 AM,0710,34.2375,-118.5711,17,Devonshire
09/02/2024 12:00:00 AM,2200,33.8168,-118.3055,05,Harbor
09/02/2024 12:00:00 AM,0625,34.0595,-118.2749,02,Rampart
09/02/2024 12:00:00 AM,0610,34.0338,-118.2706,01,Central
09/02/2024 12:00:00 AM,1908,34.1123,-118.2853,11,Northeast
09/02/2024 12:00:00 AM,2300,34.2839,-118.4247,16,Foothill
09/02/2024 12:00:00 AM,0120,34.1649,-118.3703,15,N Hollywood
09/02/2024 12:00:00 AM,0100,33.9931,-118.3355,12,77th Street
09/02/2024 12:00:00 AM,1630,34.1421,-118.223,11,Northeast
09/02/2024 12:00:00 AM,1400,34.1923,-118.6059,21,Topanga
09/02/2024 12:00:00 AM,1225,34.1923,-118.6059,21,Topanga
09/02/2024 12:00:00 AM,0200,34.0452,-118.2569,01,Central
09/02/2024 12:00:00 AM,0630,34.0595,-118.2749,02,Rampart
09/02/2024 12:00:00 AM,1430,34.0993,-118.3092,06,Hollywood
09/02/2024 12:00:00 AM,1615,34.0736,-118.3563,07,Wilshire
09/02/2024 12:00:00 AM,0640,34.0338,-118.2706,01,Central
09/02/2024 12:00:00 AM,2000,34.0553,-118.3795,08,West LA
09/02/2024 12:00:00 AM,0600,33.9757,-118.328,12,77th Street
09/02/2024 12:00:00 AM,1430,34.04,-118.2974,20,Olympic
09/02/2024 12:00:00 AM,0730,33.9038,-118.2872,18,Southeast
09/02/2024 12:00:00 AM,1500,33.9274,-118.2871,18,Southeast
09/02/2024 12:00:00 AM,2045,34.0365,-118.5201,08,West LA
09/02/2024 12:00:00 AM,2030,33.9661,-118.2849,12,77th Street
09/02/2024 12:00:00 AM,1828,34.1421,-118.223,11,Northeast
09/02/2024 12:00:00 AM,1415,34.1241,-118.349,15,N Hollywood
09/02/2024 12:00:00 AM,1145,34.0595,-118.2749,02,Rampart
09/02/2024 12:00:00 AM,1220,34.0461,-118.2475,01,Central
09/02/2024 12:00:00 AM,0600,34.02,-118.3029,03,Southwest
09/02/2024 12:00:00 AM,1530,33.9551,-118.3805,14,Pacific
09/02/2024 12:00:00 AM,0720,33.7251,-118.2858,05,Harbor
09/02/2024 12:00:00 AM,1300,34.023,-118.2777,03,Southwest
09/02/2024 12:00:00 AM,2000,34.0736,-118.3563,07,Wilshire
09/02/2024 12:00:00 AM,2140,34.2518,-118.2817,16,Foothill
09/02/2024 12:00:00 AM,0830,34.0595,-118.2749,02,Rampart
09/02/2024 12:00:00 AM,1500,34.0611,-118.4184,08,West LA
09/02/2024 12:00:00 AM,1500,33.9693,-118.285,12,77th Street
09/02/2024 12:00:00 AM,1600,34.0522,-118.4162,08,West LA
09/02/2024 12:00:00 AM,2100,33.9993,-118.4397,14,Pacific
09/02/2024 12:00:00 AM,0020,34.0554,-118.2702,02,Rampart
09/02/2024 12:00:00 AM,1229,34.1123,-118.2853,11,Northeast
09/02/2024 12:00:00 AM,2200,34.1937,-118.3748,15,N Hollywood
09/02/2024 12:00:00 AM,1125,34.0595,-118.2749,02,Rampart
09/02/2024 12:00:00 AM,1240,33.7387,-118.2814,05,Harbor
09/02/2024 12:00:00 AM,0530,34.0852,-118.1801,04,Hollenbeck
09/02/2024 12:00:00 AM,1200,34.0349,-118.3046,03,Southwest
09/02/2024 12:00:00 AM,1345,34.0438,-118.3599,07,Wilshire
09/02/2024 12:00:00 AM,2245,33.9855,-118.287,12,77th Street
09/02/2024 12:00:00 AM,1433,34.1155,-118.1843,11,Northeast
09/02/2024 12:00:00 AM,0410,33.736,-118.2858,05,Harbor
09/02/2024 12:00:00 AM,0700,34.2153,-118.4409,19,Mission
09/02/2024 12:00:00 AM,1630,34.023,-118.351,03,Southwest
09/02/2024 12:00:00 AM,0543,34.0747,-118.2686,02,Rampart
09/02/2024 12:00:00 AM,1900,34.1179,-118.3831,06,Hollywood
09/02/2024 12:00:00 AM,0900,34.0595,-118.2749,02,Rampart
09/02/2024 12:00:00 AM,2200,34.0217,-118.2095,04,Hollenbeck
09/02/2024 12:00:00 AM,1115,34.0595,-118.2749,02,Rampart
09/02/2024 12:00:00 AM,2115,34.0373,-118.4427,08,West LA
09/02/2024 12:00:00 AM,0930,34.0595,-118.2749,02,Rampart
09/02/2024 12:00:00 AM,1430,34.0284,-118.2891,03,Southwest
09/02/2024 12:00:00 AM,0112,34.0485,-118.2448,01,Central
09/02/2024 12:00:00 AM,0629,34.0605,-118.2814,02,Rampart
09/02/2024 12:00:00 AM,0700,34.0302,-118.273,13,Newton
09/02/2024 12:00:00 AM,1930,34.0554,-118.2702,02,Rampart
09/02/2024 12:00:00 AM,2000,34.075,-118.3067,20,Olympic
09/02/2024 12:00:00 AM,0001,34.1111,-118.2522,11,Northeast
09/02/2024 12:00:00 AM,1140,34.1052,-118.1934,11,Northeast
09/02/2024 12:00:00 AM,0730,34.0595,-118.2749,02,Rampart
09/02/2024 12:00:00 AM,1900,34.0868,-118.28,02,Rampart
09/02/2024 12:00:00 AM,1700,34.0422,-118.4669,08,West LA
09/02/2024 12:00:00 AM,0700,34.0595,-118.2749,02,Rampart
09/02/2024 12:00:00 AM,0025,33.9365,-118.2652,18,Southeast
09/02/2024 12:00:00 AM,0758,34.0561,-118.2375,01,Central
09/02/2024 12:00:00 AM,1802,34.2374,-118.558,17,Devonshire
09/02/2024 12:00:00 AM,1205,34.0595,-118.2749,02,Rampart
09/02/2024 12:00:00 AM,0240,34.0415,-118.262,01,Central
09/02/2024 12:00:00 AM,0603,34.0137,-118.3089,03,Southwest
09/02/2024 12:00:00 AM,1230,33.9327,-118.2502,18,Southeast
09/02/2024 12:00:00 AM,2000,34.1776,-118.5657,21,Topanga
09/02/2024 12:00:00 AM,1218,34.0268,-118.2896,03,Southwest
09/02/2024 12:00:00 AM,1200,34.0405,-118.4633,08,West LA
09/02/2024 12:00:00 AM,0318,33.783,-118.2572,05,Harbor
09/02/2024 12:00:00 AM,1310,33.9878,-118.446,14,Pacific
09/02/2024 12:00:00 AM,1700,34.0601,-118.2805,02,Rampart
09/02/2024 12:00:00 AM,0710,34.0595,-118.2749,02,Rampart
09/02/2024 12:00:00 AM,0630,34.2417,-118.4141,16,Foothill
09/02/2024 12:00:00 AM,0850,34.05,-118.4674,08,West LA
09/02/2024 12:00:00 AM,2036,34.1665,-118.5859,21,Topanga
09/02/2024 12:00:00 AM,1330,34.1279,-118.3163,06,Hollywood
09/02/2024 12:00:00 AM,0015,34.1649,-118.3665,15,N Hollywood
09/02/2024 12:00:00 AM,0300,34.0591,-118.3205,20,Olympic
09/02/2024 12:00:00 AM,2200,34.0468,-118.2415,01,Central
09/02/2024 12:00:00 AM,0600,33.9292,-118.2652,18,Southeast
09/02/2024 12:00:00 AM,1500,34.0083,-118.2719,13,Newton
09/02/2024 12:00:00 AM,0111,34.0495,-118.2459,01,Central
09/02/2024 12:00:00 AM,1200,33.9455,-118.4004,14,Pacific
09/02/2024 12:00:00 AM,1618,34.2756,-118.5702,17,Devonshire
09/02/2024 12:00:00 AM,1130,34.0234,-118.3423,03,Southwest
09/02/2024 12:00:00 AM,1900,34.0703,-118.2052,04,Hollenbeck
09/02/2024 12:00:00 AM,1400,34.1279,-118.3163,06,Hollywood
09/02/2024 12:00:00 AM,0430,34.0398,-118.3425,07,Wilshire
09/02/2024 12:00:00 AM,0358,34.2464,-118.6091,17,Devonshire
09/02/2024 12:00:00 AM,2000,34.243,-118.566,17,Devonshire
09/02/2024 12:00:00 AM,1345,34.2282,-118.5492,17,Devonshire
09/02/2024 12:00:00 AM,1130,34.0117,-118.3281,03,Southwest
09/02/2024 12:00:00 AM,0551,34.1547,-118.453,09,Van Nuys
09/02/2024 12:00:00 AM,1512,34.0483,-118.2631,01,Central
09/02/2024 12:00:00 AM,0005,34.0726,-118.1982,04,Hollenbeck
09/02/2024 12:00:00 AM,1950,34.0529,-118.3638,07,Wilshire
09/02/2024 12:00:00 AM,1245,34.2267,-118.4704,19,Mission
09/02/2024 12:00:00 AM,2200,34.178,-118.3918,15,N Hollywood
09/02/2024 12:00:00 AM,0005,34.0466,-118.259,01,Central
09/02/2024 12:00:00 AM,0800,34.1882,-118.6345,21,Topanga
09/02/2024 12:00:00 AM,2000,34.2157,-118.3703,16,Foothill
09/02/2024 12:00:00 AM,0900,34.0595,-118.2749,02,Rampart
09/02/2024 12:00:00 AM,0800,34.2402,-118.4535,19,Mission
09/02/2024 12:00:00 AM,1900,34.0355,-118.2625,01,Central
09/02/2024 12:00:00 AM,0430,34.2338,-118.4301,19,Mission
09/02/2024 12:00:00 AM,1800,34.0222,-118.333,03,Southwest
09/02/2024 12:00:00 AM,0745,34.0535,-118.2238,04,Hollenbeck
09/02/2024 12:00:00 AM,2100,34.2267,-118.4704,19,Mission
09/02/2024 12:00:00 AM,0836,34.1536,-118.4259,09,Van Nuys
09/02/2024 12:00:00 AM,1200,34.0838,-118.3388,07,Wilshire
09/02/2024 12:00:00 AM,0753,33.9746,-118.3003,12,77th Street
09/02/2024 12:00:00 AM,1500,34.2468,-118.5199,17,Devonshire
09/02/2024 12:00:00 AM,0900,34.0395,-118.2657,01,Central
09/02/2024 12:00:00 AM,1600,34.1053,-118.2785,11,Northeast
09/02/2024 12:00:00 AM,1345,34.2866,-118.5754,17,Devonshire
09/02/2024 12:00:00 AM,1220,34.0624,-118.3525,07,Wilshire
09/02/2024 12:00:00 AM,0500,34.0391,-118.269,01,Central
09/02/2024 12:00:00 AM,0600,33.736,-118.2858,05,Harbor
09/02/2024 12:00:00 AM,1025,34.0595,-118.2749,02,Rampart
09/02/2024 12:00:00 AM,1416,34.0718,-118.2822,02,Rampart
09/02/2024 12:00:00 AM,1530,34.0728,-118.2844,20,Olympic
09/02/2024 12:00:00 AM,0700,34.1974,-118.5797,21,Topanga
09/02/2024 12:00:00 AM,1809,33.9664,-118.3112,12,77th Street
09/02/2024 12:00:00 AM,1127,33.9481,-118.2432,18,Southeast
09/02/2024 12:00:00 AM,0027,34.218,-118.4465,19,Mission
09/02/2024 12:00:00 AM,0603,34.3008,-118.4749,19,Mission
09/02/2024 12:00:00 AM,2330,34.0382,-118.2603,01,Central
09/02/2024 12:00:00 AM,0400,34.2045,-118.392,15,N Hollywood
09/02/2024 12:00:00 AM,1204,34.0595,-118.2749,02,Rampart
09/02/2024 12:00:00 AM,1730,34.1228,-118.1998,11,Northeast
09/02/2024 12:00:00 AM,0700,34.0275,-118.2891,03,Southwest
09/02/2024 12:00:00 AM,2240,34.0671,-118.3583,07,Wilshire
09/02/2024 12:00:00 AM,1450,34.0468,-118.2415,01,Central
09/02/2024 12:00:00 AM,2200,34.0331,-118.4001,08,West LA
09/02/2024 12:00:00 AM,0001,34.1034,-118.3325,06,Hollywood
09/02/2024 12:00:00 AM,1150,34.065,-118.2666,02,Rampart
09/02/2024 12:00:00 AM,1830,34.1686,-118.5203,10,West Valley
09/02/2024 12:00:00 AM,0412,34.0409,-118.2609,01,Central
09/02/2024 12:00:00 AM,1200,34.0719,-118.1711,04,Hollenbeck
09/02/2024 12:00:00 AM,1210,34.1758,-118.3812,15,N Hollywood
09/02/2024 12:00:00 AM,0130,34.0917,-118.2741,11,Northeast
09/02/2024 12:00:00 AM,0226,33.976,-118.3265,12,77th Street
09/02/2024 12:00:00 AM,1256,34.1015,-118.3417,06,Hollywood
09/02/2024 12:00:00 AM,2140,34.1883,-118.6274,21,Topanga
09/02/2024 12:00:00 AM,0150,34.2794,-118.518,17,Devonshire
09/02/2024 12:00:00 AM,2330,34.1504,-118.4355,09,Van Nuys
09/02/2024 12:00:00 AM,1900,34.2283,-118.4553,19,Mission
09/02/2024 12:00:00 AM,1800,34.0268,-118.2896,03,Southwest
09/02/2024 12:00:00 AM,1300,34.1174,-118.2824,11,Northeast
09/02/2024 12:00:00 AM,1556,33.989,-118.3352,12,77th Street
09/02/2024 12:00:00 AM,0105,33.9643,-118.2861,12,77th Street
09/02/2024 12:00:00 AM,0601,33.9579,-118.2915,18,Southeast
09/02/2024 12:00:00 AM,1400,34.0515,-118.2424,01,Central
09/02/2024 12:00:00 AM,0700,34.2247,-118.4297,19,Mission
09/02/2024 12:00:00 AM,1700,33.7753,-118.2456,05,Harbor
09/02/2024 12:00:00 AM,1000,34.154,-118.3517,15,N Hollywood
09/02/2024 12:00:00 AM,1021,34.1536,-118.4259,09,Van Nuys
09/02/2024 12:00:00 AM,0100,34.0274,-118.3212,03,Southwest
09/02/2024 12:00:00 AM,1305,33.9654,-118.2739,12,77th Street
09/02/2024 12:00:00 AM,2330,34.3241,-118.423,19,Mission
09/02/2024 12:00:00 AM,1400,34.0256,-118.288,03,Southwest
09/02/2024 12:00:00 AM,1430,34.1057,-118.2008,11,Northeast
09/02/2024 12:00:00 AM,0600,33.9501,-118.287,18,Southeast
09/02/2024 12:00:00 AM,2200,34.2824,-118.4179,16,Foothill
09/02/2024 12:00:00 AM,0430,34.2338,-118.4301,19,Mission
09/02/2024 12:00:00 AM,0200,34.0456,-118.2198,04,Hollenbeck
09/02/2024 12:00:00 AM,1300,34.2156,-118.5623,21,Topanga
09/02/2024 12:00:00 AM,1800,34.0509,-118.3,20,Olympic
09/02/2024 12:00:00 AM,0300,34.0862,-118.3064,06,Hollywood
09/02/2024 12:00:00 AM,1900,34.2198,-118.6003,21,Topanga
09/02/2024 12:00:00 AM,1655,33.9038,-118.2894,18,Southeast
09/02/2024 12:00:00 AM,0130,34.0265,-118.243,13,Newton
09/02/2024 12:00:00 AM,0230,33.9685,-118.2572,12,77th Street
09/02/2024 12:00:00 AM,2140,34.1246,-118.3055,11,Northeast
09/02/2024 12:00:00 AM,1800,34.1774,-118.6644,21,Topanga
09/02/2024 12:00:00 AM,2300,34.0595,-118.2749,02,Rampart
09/02/2024 12:00:00 AM,0616,34.2121,-118.4021,16,Foothill
09/02/2024 12:00:00 AM,0700,34.0595,-118.2749,02,Rampart
09/02/2024 12:00:00 AM,2030,33.9661,-118.2849,12,77th Street
09/02/2024 12:00:00 AM,2000,34.0637,-118.287,20,Olympic
09/02/2024 12:00:00 AM,1220,34.0484,-118.2724,02,Rampart
09/02/2024 12:00:00 AM,2230,34.027,-118.2794,03,Southwest
09/02/2024 12:00:00 AM,2200,34.0258,-118.2775,03,Southwest
09/02/2024 12:00:00 AM,1110,33.9674,-118.2652,12,77th Street
09/02/2024 12:00:00 AM,0634,34.2199,-118.594,21,Topanga
09/02/2024 12:00:00 AM,1231,33.9478,-118.2289,18,Southeast
09/02/2024 12:00:00 AM,1630,34.001,-118.4034,14,Pacific
09/02/2024 12:00:00 AM,1800,34.1032,-118.3348,06,Hollywood
09/02/2024 12:00:00 AM,0100,34.0598,-118.2979,20,Olympic
09/02/2024 12:00:00 AM,0015,34.046,-118.251,01,Central
09/02/2024 12:00:00 AM,0930,34.0595,-118.2749,02,Rampart
09/02/2024 12:00:00 AM,1100,34.0595,-118.2749,02,Rampart
09/02/2024 12:00:00 AM,1835,34.1938,-118.6044,21,Topanga
09/02/2024 12:00:00 AM,2140,33.9882,-118.4741,14,Pacific
09/02/2024 12:00:00 AM,1530,33.9428,-118.2695,18,Southeast
09/02/2024 12:00:00 AM,1225,34.0184,-118.3043,03,Southwest
09/02/2024 12:00:00 AM,2200,33.9283,-118.2587,18,Southeast
09/02/2024 12:00:00 AM,0618,34.0323,-118.2776,03,Southwest
09/02/2024 12:00:00 AM,0800,34.0595,-118.2749,02,Rampart
09/02/2024 12:00:00 AM,1215,34.1437,-118.4987,10,West Valley
09/02/2024 12:00:00 AM,2200,33.9778,-118.3134,12,77th Street
09/02/2024 12:00:00 AM,0600,34.0565,-118.3601,07,Wilshire
09/02/2024 12:00:00 AM,1230,34.0184,-118.3043,03,Southwest
09/02/2024 12:00:00 AM,0957,34.0595,-118.2749,02,Rampart
09/02/2024 12:00:00 AM,0815,34.1774,-118.5387,10,West Valley
09/02/2024 12:00:00 AM,0045,34.1374,-118.2941,11,Northeast
09/02/2024 12:00:00 AM,1830,34.0423,-118.2561,01,Central
09/02/2024 12:00:00 AM,1105,34.1721,-118.4471,09,Van Nuys
09/02/2024 12:00:00 AM,0700,33.932,-118.2826,18,Southeast
09/02/2024 12:00:00 AM,1414,33.9579,-118.402,14,Pacific
09/02/2024 12:00:00 AM,1923,34.0761,-118.3766,07,Wilshire
09/02/2024 12:00:00 AM,1950,34.3197,-118.4926,19,Mission
09/02/2024 12:00:00 AM,1420,34.1016,-118.3374,06,Hollywood
09/02/2024 12:00:00 AM,1330,33.7818,-118.2324,05,Harbor
09/02/2024 12:00:00 AM,1200,33.991,-118.4403,14,Pacific
09/02/2024 12:00:00 AM,1300,34.1499,-118.3635,15,N Hollywood
09/02/2024 12:00:00 AM,0601,34.0302,-118.2006,04,Hollenbeck
09/02/2024 12:00:00 AM,1100,33.9455,-118.4001,14,Pacific
09/02/2024 12:00:00 AM,2015,34.053,-118.2039,04,Hollenbeck
09/02/2024 12:00:00 AM,0951,34.1015,-118.3417,06,Hollywood
09/02/2024 12:00:00 AM,0400,34.2029,-118.5943,21,Topanga
09/02/2024 12:00:00 AM,1150,34.0222,-118.333,03,Southwest
09/02/2024 12:00:00 AM,2100,34.3103,-118.4597,19,Mission
09/02/2024 12:00:00 AM,0955,34.1776,-118.366,15,N Hollywood
09/02/2024 12:00:00 AM,0500,33.7315,-118.2879,05,Harbor
09/02/2024 12:00:00 AM,2000,34.0427,-118.2237,04,Hollenbeck
09/02/2024 12:00:00 AM,1648,34.0428,-118.4582,08,West LA
09/02/2024 12:00:00 AM,1930,34.1222,-118.215,11,Northeast
09/02/2024 12:00:00 AM,1049,34.2651,-118.582,17,Devonshire
09/02/2024 12:00:00 AM,1500,33.9659,-118.2739,12,77th Street
09/02/2024 12:00:00 AM,0001,34.0598,-118.2878,20,Olympic
09/02/2024 12:00:00 AM,0730,34.0559,-118.232,01,Central
09/02/2024 12:00:00 AM,1108,33.9939,-118.4524,14,Pacific
09/02/2024 12:00:00 AM,1100,33.995,-118.3182,12,77th Street
09/02/2024 12:00:00 AM,1500,34.0678,-118.4702,08,West LA
09/02/2024 12:00:00 AM,2330,34.2803,-118.5082,17,Devonshire
09/02/2024 12:00:00 AM,2300,34.1041,-118.2734,11,Northeast
09/02/2024 12:00:00 AM,1300,34.0595,-118.2749,02,Rampart
09/03/2024 12:00:00 AM,1400,34.048,-118.2577,01,Central
09/03/2024 12:00:00 AM,2200,34.1639,-118.3706,15,N Hollywood
09/03/2024 12:00:00 AM,1750,34.0625,-118.444,08,West LA
09/03/2024 12:00:00 AM,2350,34.312,-118.4382,19,Mission
09/03/2024 12:00:00 AM,1500,34.2634,-118.3074,16,Foothill
09/03/2024 12:00:00 AM,2200,34.0406,-118.268,01,Central
09/03/2024 12:00:00 AM,1530,34.0333,-118.1946,04,Hollenbeck
09/03/2024 12:00:00 AM,0935,33.9932,-118.3204,12,77th Street
09/03/2024 12:00:00 AM,1700,34.0587,-118.2891,20,Olympic
09/03/2024 12:00:00 AM,2100,34.2555,-118.4761,17,Devonshire
09/03/2024 12:00:00 AM,1213,34.1533,-118.4574,09,Van Nuys
09/03/2024 12:00:00 AM,2100,34.2206,-118.4982,10,West Valley
09/03/2024 12:00:00 AM,1200,34.037,-118.4221,08,West LA
09/03/2024 12:00:00 AM,1630,33.9564,-118.4424,14,Pacific
09/03/2024 12:00:00 AM,1300,34.0083,-118.2784,13,Newton
09/03/2024 12:00:00 AM,0925,34.2132,-118.565,21,Topanga
09/03/2024 12:00:00 AM,1420,34.0423,-118.2561,01,Central
09/03/2024 12:00:00 AM,2015,34.2698,-118.4133,16,Foothill
09/03/2024 12:00:00 AM,1700,34.2027,-118.5786,21,Topanga
09/03/2024 12:00:00 AM,0830,34.0501,-118.2593,01,Central
09/03/2024 12:00:00 AM,2130,34.0483,-118.2443,01,Central
09/03/2024 12:00:00 AM,1600,33.928,-118.2826,18,Southeast
09/03/2024 12:00:00 AM,0100,34.0326,-118.3224,03,Southwest
09/03/2024 12:00:00 AM,1250,33.9472,-118.3909,14,Pacific
09/03/2024 12:00:00 AM,1329,34.0786,-118.2788,02,Rampart
09/03/2024 12:00:00 AM,1605,34.2033,-118.5671,21,Topanga
09/03/2024 12:00:00 AM,1700,34.0561,-118.5512,08,West LA
09/03/2024 12:00:00 AM,0715,34.0652,-118.2878,20,Olympic
09/03/2024 12:00:00 AM,1615,33.9579,-118.402,14,Pacific
09/03/2024 12:00:00 AM,1730,34.098,-118.3266,06,Hollywood
09/03/2024 12:00:00 AM,0900,34.0615,-118.2412,01,Central
09/03/2024 12:00:00 AM,1600,34.0275,-118.2891,03,Southwest
09/03/2024 12:00:00 AM,1255,33.9937,-118.477,14,Pacific
09/03/2024 12:00:00 AM,1700,34.1681,-118.3766,15,N Hollywood
09/03/2024 12:00:00 AM,1215,33.9892,-118.2664,13,Newton
09/03/2024 12:00:00 AM,2200,34.2418,-118.4774,17,Devonshire
09/03/2024 12:00:00 AM,1030,34.064,-118.2375,01,Central
09/03/2024 12:00:00 AM,2040,34.0382,-118.2316,01,Central
09/03/2024 12:00:00 AM,1200,34.0617,-118.3072,20,Olympic
09/03/2024 12:00:00 AM,1610,33.9179,-118.2875,18,Southeast
09/03/2024 12:00:00 AM,0450,34.2247,-118.4603,19,Mission
09/03/2024 12:00:00 AM,2100,33.9725,-118.3891,14,Pacific
09/03/2024 12:00:00 AM,2130,34.0543,-118.3193,20,Olympic
09/03/2024 12:00:00 AM,0640,34.0636,-118.3047,20,Olympic
09/03/2024 12:00:00 AM,0810,34.0272,-118.3248,03,Southwest
09/03/2024 12:00:00 AM,1000,33.9629,-118.2608,12,77th Street
09/03/2024 12:00:00 AM,1500,33.928,-118.2826,18,Southeast
09/03/2024 12:00:00 AM,1410,34.1218,-118.2251,11,Northeast
09/03/2024 12:00:00 AM,1115,34.0636,-118.3047,20,Olympic
09/03/2024 12:00:00 AM,0615,34.0636,-118.3047,20,Olympic
09/03/2024 12:00:00 AM,0930,34.0962,-118.3561,06,Hollywood
09/03/2024 12:00:00 AM,2000,34.2119,-118.6017,21,Topanga
09/03/2024 12:00:00 AM,2000,34.2019,-118.6246,21,Topanga
09/03/2024 12:00:00 AM,0720,34.0652,-118.2878,20,Olympic
09/03/2024 12:00:00 AM,2200,34.0693,-118.2583,02,Rampart
09/03/2024 12:00:00 AM,2032,34.1883,-118.6274,21,Topanga
09/03/2024 12:00:00 AM,1500,34.1634,-118.4138,09,Van Nuys
09/03/2024 12:00:00 AM,1145,34.0437,-118.2547,01,Central
09/03/2024 12:00:00 AM,1945,34.1141,-118.2755,11,Northeast
09/03/2024 12:00:00 AM,1330,33.9429,-118.2739,18,Southeast
09/03/2024 12:00:00 AM,0950,33.9455,-118.4001,14,Pacific
09/03/2024 12:00:00 AM,0010,34.3088,-118.4353,19,Mission
09/03/2024 12:00:00 AM,2225,34.02,-118.2944,03,Southwest
09/03/2024 12:00:00 AM,1805,33.9849,-118.4445,14,Pacific
09/03/2024 12:00:00 AM,1245,34.0598,-118.2904,20,Olympic
09/03/2024 12:00:00 AM,1900,34.0114,-118.2624,13,Newton
09/03/2024 12:00:00 AM,1030,34.2886,-118.5854,17,Devonshire
09/03/2024 12:00:00 AM,1133,34.0437,-118.2547,01,Central
09/03/2024 12:00:00 AM,1400,34.1017,-118.3072,06,Hollywood
09/03/2024 12:00:00 AM,0635,34.0636,-118.3047,20,Olympic
09/03/2024 12:00:00 AM,1655,33.928,-118.2826,18,Southeast
09/03/2024 12:00:00 AM,0800,34.0851,-118.2881,02,Rampart
09/03/2024 12:00:00 AM,1512,34.0736,-118.3563,07,Wilshire
09/03/2024 12:00:00 AM,0100,34.1781,-118.5205,10,West Valley
09/03/2024 12:00:00 AM,0130,34.0818,-118.2204,04,Hollenbeck
09/03/2024 12:00:00 AM,2130,34.2174,-118.3561,16,Foothill
09/03/2024 12:00:00 AM,1700,34.0736,-118.3486,07,Wilshire
09/03/2024 12:00:00 AM,0800,34.0075,-118.2703,13,Newton
09/03/2024 12:00:00 AM,1155,34.2732,-118.4268,16,Foothill
09/03/2024 12:00:00 AM,2225,34.02,-118.2944,03,Southwest
09/03/2024 12:00:00 AM,1420,34.0437,-118.2547,01,Central
09/03/2024 12:00:00 AM,2100,34.1031,-118.2027,11,Northeast
09/03/2024 12:00:00 AM,1140,33.9465,-118.2695,18,Southeast
09/03/2024 12:00:00 AM,1800,34.2136,-118.4534,19,Mission
09/03/2024 12:00:00 AM,1650,33.928,-118.2826,18,Southeast
09/03/2024 12:00:00 AM,1900,34.0549,-118.2511,01,Central
09/03/2024 12:00:00 AM,1325,33.8214,-118.3037,05,Harbor
09/03/2024 12:00:00 AM,0915,34.166,-118.5095,10,West Valley
09/03/2024 12:00:00 AM,1200,34.0479,-118.2612,01,Central
09/03/2024 12:00:00 AM,0659,33.9689,-118.2783,12,77th Street
09/03/2024 12:00:00 AM,1815,34.079,-118.2966,02,Rampart
09/03/2024 12:00:00 AM,0005,34.0549,-118.2511,01,Central
09/03/2024 12:00:00 AM,0130,34.0302,-118.4486,08,West LA
09/03/2024 12:00:00 AM,1044,34.0242,-118.3722,03,Southwest
09/03/2024 12:00:00 AM,0607,34.0312,-118.3239,03,Southwest
09/03/2024 12:00:00 AM,1740,34.0215,-118.2868,03,Southwest
09/03/2024 12:00:00 AM,1200,33.9906,-118.2827,12,77th Street
09/03/2024 12:00:00 AM,2000,34.0614,-118.2141,04,Hollenbeck
09/03/2024 12:00:00 AM,1500,34.0414,-118.3392,07,Wilshire
09/03/2024 12:00:00 AM,1500,34.0329,-118.3899,08,West LA
09/03/2024 12:00:00 AM,1530,34.0509,-118.2642,02,Rampart
09/03/2024 12:00:00 AM,1837,34.163,-118.3735,15,N Hollywood
09/03/2024 12:00:00 AM,1306,33.973,-118.4309,14,Pacific
09/03/2024 12:00:00 AM,2100,34.0553,-118.39,08,West LA
09/03/2024 12:00:00 AM,1000,34.0491,-118.2558,01,Central
09/03/2024 12:00:00 AM,0925,34.0652,-118.2878,20,Olympic
09/03/2024 12:00:00 AM,1405,34.043,-118.4173,08,West LA
09/03/2024 12:00:00 AM,1800,34.1414,-118.2048,11,Northeast
09/03/2024 12:00:00 AM,1350,34.0794,-118.1974,04,Hollenbeck
09/03/2024 12:00:00 AM,1609,34.0736,-118.3563,07,Wilshire
09/03/2024 12:00:00 AM,0600,33.952,-118.2476,18,Southeast
09/03/2024 12:00:00 AM,1641,33.928,-118.2826,18,Southeast
09/03/2024 12:00:00 AM,1300,34.1904,-118.6059,21,Topanga
09/03/2024 12:00:00 AM,1830,34.0968,-118.311,06,Hollywood
09/03/2024 12:00:00 AM,2200,34.0046,-118.2722,13,Newton
09/03/2024 12:00:00 AM,2100,34.0343,-118.3224,03,Southwest
09/03/2024 12:00:00 AM,0641,34.0055,-118.2872,03,Southwest
09/03/2024 12:00:00 AM,1538,33.798,-118.2604,05,Harbor
09/03/2024 12:00:00 AM,1632,33.928,-118.2826,18,Southeast
09/03/2024 12:00:00 AM,2200,34.0406,-118.268,01,Central
09/03/2024 12:00:00 AM,0320,34.2267,-118.4268,19,Mission
09/03/2024 12:00:00 AM,0135,34.0495,-118.3179,07,Wilshire
09/03/2024 12:00:00 AM,1335,34.2748,-118.5791,17,Devonshire
09/03/2024 12:00:00 AM,0315,34.2075,-118.5057,10,West Valley
09/03/2024 12:00:00 AM,1540,34.1685,-118.4008,15,N Hollywood
09/03/2024 12:00:00 AM,1930,33.965,-118.4157,14,Pacific
09/03/2024 12:00:00 AM,1346,33.928,-118.2826,18,Southeast
09/03/2024 12:00:00 AM,1535,34.0428,-118.4582,08,West LA
09/03/2024 12:00:00 AM,2000,33.9438,-118.2826,18,Southeast
09/03/2024 12:00:00 AM,1958,34.0428,-118.4582,08,West LA
09/03/2024 12:00:00 AM,0300,34.231,-118.5231,17,Devonshire
09/03/2024 12:00:00 AM,1700,33.9994,-118.3108,12,77th Street
09/03/2024 12:00:00 AM,1400,34.2362,-118.4099,16,Foothill
09/03/2024 12:00:00 AM,1856,34.2796,-118.4239,16,Foothill
09/03/2024 12:00:00 AM,1300,34.1681,-118.3704,15,N Hollywood
09/03/2024 12:00:00 AM,1700,34.2689,-118.3176,16,Foothill
09/03/2024 12:00:00 AM,0200,34.0405,-118.4633,08,West LA
09/03/2024 12:00:00 AM,1525,34.203,-118.4458,09,Van Nuys
09/03/2024 12:00:00 AM,1430,33.954,-118.3963,14,Pacific
09/03/2024 12:00:00 AM,1200,34.0329,-118.3899,08,West LA
09/03/2024 12:00:00 AM,2100,34.0835,-118.3406,07,Wilshire
09/03/2024 12:00:00 AM,1300,34.0577,-118.2799,02,Rampart
09/03/2024 12:00:00 AM,2100,34.0951,-118.3052,06,Hollywood
09/03/2024 12:00:00 AM,1945,34.0853,-118.3321,06,Hollywood
09/03/2024 12:00:00 AM,1700,34.1707,-118.5244,10,West Valley
09/03/2024 12:00:00 AM,1027,34.0419,-118.2351,01,Central
09/03/2024 12:00:00 AM,1900,34.0409,-118.2609,01,Central
09/03/2024 12:00:00 AM,0830,34.0028,-118.3036,12,77th Street
09/03/2024 12:00:00 AM,0900,33.9348,-118.25,18,Southeast
09/03/2024 12:00:00 AM,1600,34.2066,-118.4662,09,Van Nuys
09/03/2024 12:00:00 AM,1615,33.9807,-118.2783,13,Newton
09/03/2024 12:00:00 AM,1500,33.928,-118.2826,18,Southeast
09/03/2024 12:00:00 AM,2240,33.9875,-118.2849,12,77th Street
09/03/2024 12:00:00 AM,1200,34.0439,-118.2013,04,Hollenbeck
09/03/2024 12:00:00 AM,2100,33.9607,-118.4167,14,Pacific
09/03/2024 12:00:00 AM,2320,34.0571,-118.2976,20,Olympic
09/03/2024 12:00:00 AM,0925,34.2011,-118.4951,10,West Valley
09/03/2024 12:00:00 AM,1344,34.0274,-118.4287,14,Pacific
09/03/2024 12:00:00 AM,1800,34.1192,-118.3004,11,Northeast
09/03/2024 12:00:00 AM,0030,34.0484,-118.3515,07,Wilshire
09/03/2024 12:00:00 AM,1600,34.0605,-118.3447,07,Wilshire
09/03/2024 12:00:00 AM,1830,34.0325,-118.3447,03,Southwest
09/03/2024 12:00:00 AM,2030,34.0453,-118.2738,02,Rampart
09/03/2024 12:00:00 AM,1030,34.2575,-118.5004,17,Devonshire
09/03/2024 12:00:00 AM,2000,33.7865,-118.2737,05,Harbor
09/03/2024 12:00:00 AM,1015,34.2886,-118.5854,17,Devonshire
09/03/2024 12:00:00 AM,1530,33.928,-118.2826,18,Southeast
09/03/2024 12:00:00 AM,0010,34.1783,-118.3641,15,N Hollywood
09/03/2024 12:00:00 AM,1500,34.0484,-118.3548,07,Wilshire
09/03/2024 12:00:00 AM,1230,33.7926,-118.3043,05,Harbor
09/03/2024 12:00:00 AM,0800,34.0636,-118.3047,20,Olympic
09/03/2024 12:00:00 AM,2300,34.0268,-118.2896,03,Southwest
09/03/2024 12:00:00 AM,2100,34.0649,-118.3451,07,Wilshire
09/03/2024 12:00:00 AM,1330,34.0984,-118.2874,11,Northeast
09/03/2024 12:00:00 AM,0700,34.1865,-118.6129,21,Topanga
09/03/2024 12:00:00 AM,1600,34.0246,-118.3061,03,Southwest
09/03/2024 12:00:00 AM,1320,34.2011,-118.5734,21,Topanga
09/03/2024 12:00:00 AM,0930,33.9358,-118.2916,18,Southeast
09/03/2024 12:00:00 AM,2200,34.2706,-118.2984,16,Foothill
09/03/2024 12:00:00 AM,1855,33.9969,-118.4179,14,Pacific
09/03/2024 12:00:00 AM,1630,34.2299,-118.5535,17,Devonshire
09/03/2024 12:00:00 AM,0140,33.9827,-118.4649,14,Pacific
09/03/2024 12:00:00 AM,2015,33.7882,-118.3043,05,Harbor
09/03/2024 12:00:00 AM,1108,33.7978,-118.3034,05,Harbor
09/03/2024 12:00:00 AM,2100,34.2519,-118.4364,19,Mission
09/03/2024 12:00:00 AM,2200,33.989,-118.3282,12,77th Street
09/03/2024 12:00:00 AM,0105,34.0419,-118.2523,01,Central
09/03/2024 12:00:00 AM,2030,34.2305,-118.423,19,Mission
09/03/2024 12:00:00 AM,1857,34.1521,-118.4499,09,Van Nuys
09/03/2024 12:00:00 AM,1700,34.0714,-118.2813,02,Rampart
09/03/2024 12:00:00 AM,1355,33.967,-118.3859,14,Pacific
09/03/2024 12:00:00 AM,2037,33.9773,-118.3718,14,Pacific
09/03/2024 12:00:00 AM,1745,34.0907,-118.3384,06,Hollywood
09/03/2024 12:00:00 AM,2145,34.2952,-118.5742,17,Devonshire
09/03/2024 12:00:00 AM,1052,34.0879,-118.2596,11,Northeast
09/03/2024 12:00:00 AM,0820,34.0636,-118.3047,20,Olympic
09/03/2024 12:00:00 AM,1730,34.0611,-118.4184,08,West LA
09/03/2024 12:00:00 AM,1300,34.0534,-118.1977,04,Hollenbeck
09/03/2024 12:00:00 AM,1545,33.928,-118.2826,18,Southeast
09/03/2024 12:00:00 AM,1125,34.0727,-118.37,07,Wilshire
09/03/2024 12:00:00 AM,1240,34.0414,-118.309,20,Olympic
09/03/2024 12:00:00 AM,1900,33.9128,-118.2869,18,Southeast
09/03/2024 12:00:00 AM,1200,34.0823,-118.2755,02,Rampart
09/03/2024 12:00:00 AM,1513,33.928,-118.2826,18,Southeast
09/03/2024 12:00:00 AM,1200,34.1867,-118.4247,09,Van Nuys
09/03/2024 12:00:00 AM,1826,34.1016,-118.3387,06,Hollywood
09/03/2024 12:00:00 AM,2000,34.0944,-118.3245,06,Hollywood
09/03/2024 12:00:00 AM,0346,34.2141,-118.4662,09,Van Nuys
09/03/2024 12:00:00 AM,0330,34.2864,-118.4159,16,Foothill
09/03/2024 12:00:00 AM,0800,34.1371,-118.27,11,Northeast
09/03/2024 12:00:00 AM,1800,34.172,-118.3789,15,N Hollywood
09/03/2024 12:00:00 AM,0849,34.2572,-118.5951,17,Devonshire
09/03/2024 12:00:00 AM,1300,34.0347,-118.2252,04,Hollenbeck
09/03/2024 12:00:00 AM,1210,33.9388,-118.2542,18,Southeast
09/03/2024 12:00:00 AM,2156,34.0786,-118.2788,02,Rampart
09/03/2024 12:00:00 AM,1105,34.2721,-118.5022,17,Devonshire
09/03/2024 12:00:00 AM,1355,34.2573,-118.4673,19,Mission
09/03/2024 12:00:00 AM,1500,33.928,-118.2826,18,Southeast
09/03/2024 12:00:00 AM,1845,34.0595,-118.2749,02,Rampart
09/03/2024 12:00:00 AM,1830,34.0472,-118.2342,01,Central
09/03/2024 12:00:00 AM,1430,34.098,-118.3324,06,Hollywood
09/03/2024 12:00:00 AM,1800,34.0308,-118.2744,03,Southwest
09/03/2024 12:00:00 AM,0910,34.0652,-118.2878,20,Olympic
09/03/2024 12:00:00 AM,1000,34.2248,-118.4468,19,Mission
09/03/2024 12:00:00 AM,2000,34.058,-118.3091,20,Olympic
09/03/2024 12:00:00 AM,1100,34.1556,-118.4727,10,West Valley
09/03/2024 12:00:00 AM,0624,33.9398,-118.2611,18,Southeast
09/03/2024 12:00:00 AM,2345,34.2173,-118.3835,16,Foothill
09/03/2024 12:00:00 AM,2030,33.989,-118.333,12,77th Street
09/03/2024 12:00:00 AM,1405,33.9855,-118.4373,14,Pacific
09/03/2024 12:00:00 AM,1155,34.2732,-118.4268,16,Foothill
09/03/2024 12:00:00 AM,0500,34.0164,-118.2699,13,Newton
09/03/2024 12:00:00 AM,1655,33.928,-118.2826,18,Southeast
09/03/2024 12:00:00 AM,1200,34.0777,-118.3035,20,Olympic
09/03/2024 12:00:00 AM,0730,34.0657,-118.232,01,Central
09/03/2024 12:00:00 AM,1400,34.1723,-118.5293,10,West Valley
09/03/2024 12:00:00 AM,1100,34.183,-118.4692,09,Van Nuys
09/03/2024 12:00:00 AM,2015,34.2394,-118.4203,19,Mission
09/03/2024 12:00:00 AM,1630,33.9611,-118.2871,12,77th Street
09/03/2024 12:00:00 AM,1128,34.0986,-118.2962,11,Northeast
09/03/2024 12:00:00 AM,0800,34.0645,-118.3651,07,Wilshire
09/03/2024 12:00:00 AM,1317,33.9407,-118.2916,18,Southeast
09/03/2024 12:00:00 AM,1800,34.0309,-118.2821,03,Southwest
09/03/2024 12:00:00 AM,1355,33.928,-118.2826,18,Southeast
09/03/2024 12:00:00 AM,1500,34.0287,-118.2948,03,Southwest
09/03/2024 12:00:00 AM,2355,34.0908,-118.3201,06,Hollywood
09/03/2024 12:00:00 AM,1330,34.001,-118.274,13,Newton
09/03/2024 12:00:00 AM,1226,34.0611,-118.4184,08,West LA
09/03/2024 12:00:00 AM,1705,34.1956,-118.5943,21,Topanga
09/03/2024 12:00:00 AM,2000,34.2626,-118.4564,19,Mission
09/03/2024 12:00:00 AM,1430,34.244,-118.5583,17,Devonshire
09/03/2024 12:00:00 AM,0450,34.2214,-118.4699,19,Mission
09/03/2024 12:00:00 AM,0940,34.0884,-118.2258,11,Northeast
09/03/2024 12:00:00 AM,1134,34.0437,-118.2547,01,Central
09/03/2024 12:00:00 AM,0100,33.736,-118.2836,05,Harbor
09/03/2024 12:00:00 AM,1640,33.928,-118.2826,18,Southeast
09/03/2024 12:00:00 AM,1800,34.2797,-118.4034,16,Foothill
09/03/2024 12:00:00 AM,1930,34.0286,-118.3983,14,Pacific
09/03/2024 12:00:00 AM,1200,34.0329,-118.3899,08,West LA
09/03/2024 12:00:00 AM,1750,33.9126,-118.2861,18,Southeast
09/03/2024 12:00:00 AM,0211,33.9038,-118.2872,18,Southeast
09/03/2024 12:00:00 AM,2014,34.2597,-118.4772,17,Devonshire
09/03/2024 12:00:00 AM,1615,33.928,-118.2826,18,Southeast
09/04/2024 12:00:00 AM,0923,34.0777,-118.2961,02,Rampart
09/04/2024 12:00:00 AM,0220,34.2139,-118.39,16,Foothill
09/04/2024 12:00:00 AM,2230,34.0385,-118.303,20,Olympic
09/04/2024 12:00:00 AM,1928,34.0769,-118.2214,04,Hollenbeck
09/04/2024 12:00:00 AM,0920,34.0777,-118.2961,02,Rampart
09/04/2024 12:00:00 AM,2030,34.1367,-118.2089,11,Northeast
09/04/2024 12:00:00 AM,1835,34.1547,-118.453,09,Van Nuys
09/04/2024 12:00:00 AM,0743,34.0777,-118.2961,02,Rampart
09/04/2024 12:00:00 AM,1610,34.2308,-118.5336,17,Devonshire
09/04/2024 12:00:00 AM,0915,34.2322,-118.5113,17,Devonshire
09/04/2024 12:00:00 AM,1845,33.737,-118.2836,05,Harbor
09/04/2024 12:00:00 AM,1600,34.0231,-118.2698,13,Newton
09/04/2024 12:00:00 AM,1730,33.9455,-118.4001,14,Pacific
09/04/2024 12:00:00 AM,1700,33.9455,-118.4001,14,Pacific
09/04/2024 12:00:00 AM,0500,34.1202,-118.205,11,Northeast
09/04/2024 12:00:00 AM,0700,34.0303,-118.284,03,Southwest
09/04/2024 12:00:00 AM,1205,33.9427,-118.4049,14,Pacific
09/04/2024 12:00:00 AM,1056,34.0501,-118.3442,07,Wilshire
09/04/2024 12:00:00 AM,0030,33.9601,-118.2666,18,Southeast
09/04/2024 12:00:00 AM,2109,34.163,-118.3735,15,N Hollywood
09/04/2024 12:00:00 AM,0920,34.2139,-118.4206,15,N Hollywood
09/04/2024 12:00:00 AM,1820,34.0258,-118.2948,03,Southwest
09/04/2024 12:00:00 AM,2130,34.3006,-118.4472,19,Mission
09/04/2024 12:00:00 AM,0630,34.1758,-118.5578,10,West Valley
09/04/2024 12:00:00 AM,2000,33.7938,-118.3043,05,Harbor
09/04/2024 12:00:00 AM,1500,34.0223,-118.2719,13,Newton
09/04/2024 12:00:00 AM,0720,34.0777,-118.2961,02,Rampart
09/04/2024 12:00:00 AM,2355,34.2152,-118.451,19,Mission
09/04/2024 12:00:00 AM,1101,34.0166,-118.4201,14,Pacific
09/04/2024 12:00:00 AM,2130,34.0481,-118.2472,01,Central
09/04/2024 12:00:00 AM,1400,34.17,-118.3727,15,N Hollywood
09/04/2024 12:00:00 AM,2150,34.1883,-118.6274,21,Topanga
09/04/2024 12:00:00 AM,1035,34.0777,-118.2961,02,Rampart
09/04/2024 12:00:00 AM,1300,34.0908,-118.3025,06,Hollywood
09/04/2024 12:00:00 AM,1550,34.0258,-118.3668,03,Southwest
09/04/2024 12:00:00 AM,0400,33.9709,-118.3112,12,77th Street
09/04/2024 12:00:00 AM,0330,34.2561,-118.3123,16,Foothill
09/04/2024 12:00:00 AM,2230,33.9419,-118.2781,18,Southeast
09/04/2024 12:00:00 AM,1147,34.2012,-118.5296,10,West Valley
09/04/2024 12:00:00 AM,2327,34.0508,-118.2586,01,Central
09/04/2024 12:00:00 AM,0745,34.0777,-118.2961,02,Rampart
09/04/2024 12:00:00 AM,2330,34.1867,-118.4356,09,Van Nuys
09/04/2024 12:00:00 AM,1900,34.0168,-118.2738,13,Newton
09/04/2024 12:00:00 AM,2200,34.0781,-118.2631,11,Northeast
09/04/2024 12:00:00 AM,2049,34.1252,-118.3495,15,N Hollywood
09/04/2024 12:00:00 AM,0830,34.1654,-118.522,10,West Valley
09/04/2024 12:00:00 AM,2100,34.0558,-118.3142,20,Olympic
09/04/2024 12:00:00 AM,1300,34.0836,-118.2157,04,Hollenbeck
09/04/2024 12:00:00 AM,1500,34.0006,-118.4085,14,Pacific
09/04/2024 12:00:00 AM,1320,34.0258,-118.3668,03,Southwest
09/04/2024 12:00:00 AM,0750,34.1672,-118.5411,10,West Valley
09/04/2024 12:00:00 AM,2200,34.2058,-118.4514,09,Van Nuys
09/04/2024 12:00:00 AM,1257,34.0382,-118.2384,01,Central
09/04/2024 12:00:00 AM,2015,34.0501,-118.3953,08,West LA
09/04/2024 12:00:00 AM,0920,33.9556,-118.449,14,Pacific
09/04/2024 12:00:00 AM,2050,34.163,-118.3735,15,N Hollywood
09/04/2024 12:00:00 AM,1830,34.045,-118.1956,04,Hollenbeck
09/04/2024 12:00:00 AM,2330,34.1785,-118.4072,15,N Hollywood
09/04/2024 12:00:00 AM,0355,34.2069,-118.4488,09,Van Nuys
09/04/2024 12:00:00 AM,1110,34.0777,-118.2961,02,Rampart
09/04/2024 12:00:00 AM,1725,34.0357,-118.3213,03,Southwest
09/04/2024 12:00:00 AM,0800,34.0998,-118.2039,11,Northeast
09/04/2024 12:00:00 AM,0200,34.0309,-118.3024,03,Southwest
09/04/2024 12:00:00 AM,1755,34.0468,-118.2415,01,Central
09/04/2024 12:00:00 AM,1850,34.1865,-118.6235,21,Topanga
09/04/2024 12:00:00 AM,1500,33.9201,-118.2868,18,Southeast
09/04/2024 12:00:00 AM,0940,34.0777,-118.2961,02,Rampart
09/04/2024 12:00:00 AM,1255,33.7892,-118.2561,05,Harbor
09/04/2024 12:00:00 AM,2330,33.9766,-118.2919,12,77th Street
09/04/2024 12:00:00 AM,0545,34.0765,-118.2132,04,Hollenbeck
09/04/2024 12:00:00 AM,1130,34.0559,-118.2916,20,Olympic
09/04/2024 12:00:00 AM,2245,34.0477,-118.2394,01,Central
09/04/2024 12:00:00 AM,0400,34.0496,-118.3425,07,Wilshire
09/04/2024 12:00:00 AM,1820,34.0596,-118.2102,04,Hollenbeck
09/04/2024 12:00:00 AM,1930,34.0252,-118.2499,13,Newton
09/04/2024 12:00:00 AM,0635,34.0777,-118.2961,02,Rampart
09/04/2024 12:00:00 AM,0200,34.1146,-118.3607,06,Hollywood
09/04/2024 12:00:00 AM,2024,33.9348,-118.2463,18,Southeast
09/04/2024 12:00:00 AM,1400,34.0926,-118.3201,06,Hollywood
09/04/2024 12:00:00 AM,1100,34.1408,-118.197,11,Northeast
09/04/2024 12:00:00 AM,1448,34.2337,-118.4675,19,Mission
09/04/2024 12:00:00 AM,1630,34.0348,-118.2876,03,Southwest
09/04/2024 12:00:00 AM,2000,34.0483,-118.2631,01,Central
09/04/2024 12:00:00 AM,0730,34.2597,-118.3158,16,Foothill
09/04/2024 12:00:00 AM,1902,34.1884,-118.5975,21,Topanga
09/04/2024 12:00:00 AM,2100,34.055,-118.2866,20,Olympic
09/04/2024 12:00:00 AM,1440,34.0258,-118.3668,03,Southwest
09/04/2024 12:00:00 AM,0900,34.0488,-118.4461,08,West LA
09/04/2024 12:00:00 AM,0818,34.0777,-118.2961,02,Rampart
09/04/2024 12:00:00 AM,2244,34.0745,-118.3721,07,Wilshire
09/04/2024 12:00:00 AM,1230,34.2535,-118.4032,16,Foothill
09/04/2024 12:00:00 AM,1200,34.272,-118.4978,17,Devonshire
09/04/2024 12:00:00 AM,1455,34.0595,-118.2749,02,Rampart
09/04/2024 12:00:00 AM,1230,34.046,-118.5593,08,West LA
09/04/2024 12:00:00 AM,0001,34.0416,-118.2791,02,Rampart
09/04/2024 12:00:00 AM,1630,34.0453,-118.2088,04,Hollenbeck
09/04/2024 12:00:00 AM,0930,34.0183,-118.2832,03,Southwest
09/04/2024 12:00:00 AM,0001,34.0254,-118.2729,13,Newton
09/04/2024 12:00:00 AM,2300,34.0522,-118.3494,07,Wilshire
09/04/2024 12:00:00 AM,1255,34.037,-118.3675,07,Wilshire
09/04/2024 12:00:00 AM,1130,34.0777,-118.2995,02,Rampart
09/04/2024 12:00:00 AM,2043,34.2757,-118.5144,17,Devonshire
09/04/2024 12:00:00 AM,0240,34.0363,-118.2672,01,Central
09/04/2024 12:00:00 AM,1145,34.2246,-118.5951,21,Topanga
09/04/2024 12:00:00 AM,1900,33.9946,-118.4682,14,Pacific
09/04/2024 12:00:00 AM,1600,34.1771,-118.5407,10,West Valley
09/04/2024 12:00:00 AM,0330,34.0244,-118.2506,13,Newton
09/04/2024 12:00:00 AM,0050,33.9542,-118.2893,18,Southeast
09/04/2024 12:00:00 AM,1724,34.0338,-118.2809,03,Southwest
09/04/2024 12:00:00 AM,0900,33.9891,-118.4674,14,Pacific
09/04/2024 12:00:00 AM,0612,33.9377,-118.3745,14,Pacific
09/04/2024 12:00:00 AM,1558,34.0452,-118.2569,01,Central
09/04/2024 12:00:00 AM,1215,34.1436,-118.4212,09,Van Nuys
09/04/2024 12:00:00 AM,1515,34.0155,-118.3089,03,Southwest
09/04/2024 12:00:00 AM,0645,34.0777,-118.2961,02,Rampart
09/04/2024 12:00:00 AM,1800,34.1037,-118.3459,06,Hollywood
09/04/2024 12:00:00 AM,1200,34.2076,-118.5143,10,West Valley
09/04/2024 12:00:00 AM,1040,34.0777,-118.2961,02,Rampart
09/04/2024 12:00:00 AM,2130,34.0322,-118.4551,08,West LA
09/04/2024 12:00:00 AM,1115,33.9747,-118.2783,12,77th Street
09/04/2024 12:00:00 AM,1450,34.2355,-118.5574,17,Devonshire
09/04/2024 12:00:00 AM,1510,34.047,-118.3319,07,Wilshire
09/04/2024 12:00:00 AM,2100,34.103,-118.318,06,Hollywood
09/04/2024 12:00:00 AM,1320,34.0258,-118.3668,03,Southwest
09/04/2024 12:00:00 AM,0725,34.0595,-118.2749,02,Rampart
09/04/2024 12:00:00 AM,1830,34.0347,-118.2809,03,Southwest
09/04/2024 12:00:00 AM,0318,34.2012,-118.5502,10,West Valley
09/04/2024 12:00:00 AM,2230,34.0555,-118.3762,07,Wilshire
09/04/2024 12:00:00 AM,0830,34.2456,-118.4401,19,Mission
09/04/2024 12:00:00 AM,0810,34.1083,-118.268,11,Northeast
09/04/2024 12:00:00 AM,1840,33.942,-118.4095,14,Pacific
09/04/2024 12:00:00 AM,1030,34.019,-118.2606,13,Newton
09/04/2024 12:00:00 AM,1415,34.172,-118.3789,15,N Hollywood
09/04/2024 12:00:00 AM,0940,33.9562,-118.4356,14,Pacific
09/04/2024 12:00:00 AM,0001,34.0365,-118.2768,03,Southwest
09/04/2024 12:00:00 AM,1320,34.0258,-118.3668,03,Southwest
09/04/2024 12:00:00 AM,1240,34.2112,-118.4067,16,Foothill
09/04/2024 12:00:00 AM,1800,34.0483,-118.2631,01,Central
09/04/2024 12:00:00 AM,2009,34.1867,-118.3703,15,N Hollywood
09/04/2024 12:00:00 AM,0300,34.0444,-118.4566,08,West LA
09/04/2024 12:00:00 AM,2120,34.0483,-118.2631,01,Central
09/04/2024 12:00:00 AM,1230,34.138,-118.2145,11,Northeast
09/04/2024 12:00:00 AM,0732,34.0029,-118.2718,13,Newton
09/04/2024 12:00:00 AM,2250,34.2819,-118.5165,17,Devonshire
09/04/2024 12:00:00 AM,1300,34.1154,-118.2031,11,Northeast
09/04/2024 12:00:00 AM,2200,34.071,-118.171,04,Hollenbeck
09/04/2024 12:00:00 AM,1545,34.0258,-118.3668,03,Southwest
09/04/2024 12:00:00 AM,1120,34.036,-118.2461,13,Newton
09/04/2024 12:00:00 AM,0315,34.1613,-118.4917,10,West Valley
09/04/2024 12:00:00 AM,1700,34.0261,-118.2774,03,Southwest
09/04/2024 12:00:00 AM,1615,33.9862,-118.4462,14,Pacific
09/04/2024 12:00:00 AM,0040,34.0557,-118.2488,01,Central
09/04/2024 12:00:00 AM,1549,34.2153,-118.4409,19,Mission
09/04/2024 12:00:00 AM,1339,34.0622,-118.3429,07,Wilshire
09/04/2024 12:00:00 AM,1930,34.1602,-118.6216,21,Topanga
09/04/2024 12:00:00 AM,0900,34.0777,-118.2961,02,Rampart
09/04/2024 12:00:00 AM,2000,34.15,-118.4424,09,Van Nuys
09/04/2024 12:00:00 AM,2200,34.3003,-118.448,19,Mission
09/04/2024 12:00:00 AM,1420,34.0258,-118.3668,03,Southwest
09/04/2024 12:00:00 AM,1730,33.9892,-118.3045,12,77th Street
09/04/2024 12:00:00 AM,2200,34.3154,-118.4246,19,Mission
09/04/2024 12:00:00 AM,2320,34.0404,-118.2504,01,Central
09/04/2024 12:00:00 AM,0646,34.0777,-118.2961,02,Rampart
09/04/2024 12:00:00 AM,1753,34.1052,-118.3205,06,Hollywood
09/04/2024 12:00:00 AM,2015,34.111,-118.2796,11,Northeast
09/04/2024 12:00:00 AM,2315,33.9622,-118.2827,12,77th Street
09/04/2024 12:00:00 AM,2100,34.0994,-118.3005,06,Hollywood
09/04/2024 12:00:00 AM,1930,34.0121,-118.2999,03,Southwest
09/04/2024 12:00:00 AM,1400,34.1811,-118.3867,15,N Hollywood
09/04/2024 12:00:00 AM,0940,33.9562,-118.4356,14,Pacific
09/04/2024 12:00:00 AM,2315,33.9455,-118.4001,14,Pacific
09/04/2024 12:00:00 AM,1545,34.0677,-118.2259,01,Central
09/04/2024 12:00:00 AM,2200,34.2067,-118.4531,09,Van Nuys
09/04/2024 12:00:00 AM,0400,34.0529,-118.3519,07,Wilshire
09/04/2024 12:00:00 AM,1030,33.9915,-118.2739,13,Newton
09/04/2024 12:00:00 AM,1800,34.0455,-118.4291,08,West LA
09/04/2024 12:00:00 AM,2100,34.0935,-118.2846,11,Northeast
09/04/2024 12:00:00 AM,1825,34.2103,-118.3671,16,Foothill
09/04/2024 12:00:00 AM,1838,34.2214,-118.5055,17,Devonshire
09/04/2024 12:00:00 AM,2330,34.2737,-118.4117,16,Foothill
09/04/2024 12:00:00 AM,1335,34.0268,-118.2808,03,Southwest
09/04/2024 12:00:00 AM,0810,34.0599,-118.2379,01,Central
09/04/2024 12:00:00 AM,0955,34.2042,-118.4094,15,N Hollywood
09/04/2024 12:00:00 AM,1045,34.0777,-118.2961,02,Rampart
09/04/2024 12:00:00 AM,2130,34.0504,-118.2409,01,Central
09/04/2024 12:00:00 AM,1640,34.034,-118.1969,04,Hollenbeck
09/04/2024 12:00:00 AM,2000,33.7841,-118.2975,05,Harbor
09/04/2024 12:00:00 AM,0700,34.0256,-118.3384,03,Southwest
09/04/2024 12:00:00 AM,1800,34.0998,-118.2897,11,Northeast
09/04/2024 12:00:00 AM,1105,34.2027,-118.3745,15,N Hollywood
09/04/2024 12:00:00 AM,1100,34.0383,-118.254,01,Central
09/04/2024 12:00:00 AM,2100,33.737,-118.2902,05,Harbor
09/04/2024 12:00:00 AM,0700,33.9635,-118.383,14,Pacific
09/04/2024 12:00:00 AM,1431,34.2509,-118.5301,17,Devonshire
09/04/2024 12:00:00 AM,2315,34.2767,-118.586,17,Devonshire
09/04/2024 12:00:00 AM,1055,34.0595,-118.2749,02,Rampart
09/04/2024 12:00:00 AM,1430,34.0155,-118.3089,03,Southwest
09/04/2024 12:00:00 AM,0800,33.9482,-118.2408,18,Southeast
09/04/2024 12:00:00 AM,2000,33.9753,-118.4197,14,Pacific
09/04/2024 12:00:00 AM,0955,34.0777,-118.2961,02,Rampart
09/04/2024 12:00:00 AM,1115,34.0265,-118.3721,03,Southwest
09/04/2024 12:00:00 AM,0900,34.0339,-118.281,03,Southwest
09/04/2024 12:00:00 AM,1650,34.194,-118.3703,15,N Hollywood
09/04/2024 12:00:00 AM,1405,34.0128,-118.3152,03,Southwest
09/04/2024 12:00:00 AM,0100,33.9762,-118.3024,12,77th Street
09/04/2024 12:00:00 AM,2030,33.9628,-118.2717,12,77th Street
09/04/2024 12:00:00 AM,1400,34.0258,-118.3668,03,Southwest
09/04/2024 12:00:00 AM,1715,34.1038,-118.3151,06,Hollywood
09/04/2024 12:00:00 AM,1500,34.2128,-118.6103,21,Topanga
09/04/2024 12:00:00 AM,1227,34.04,-118.2458,13,Newton
09/04/2024 12:00:00 AM,0745,34.0595,-118.2749,02,Rampart
09/04/2024 12:00:00 AM,0930,34.0873,-118.296,02,Rampart
09/04/2024 12:00:00 AM,0710,34.0988,-118.2061,11,Northeast
09/04/2024 12:00:00 AM,1930,34.0727,-118.2637,02,Rampart
09/04/2024 12:00:00 AM,1345,34.0258,-118.3668,03,Southwest
09/04/2024 12:00:00 AM,1830,34.1096,-118.2884,11,Northeast
09/04/2024 12:00:00 AM,1250,33.9892,-118.3089,12,77th Street
09/04/2024 12:00:00 AM,1100,33.9891,-118.298,12,77th Street
09/04/2024 12:00:00 AM,1507,34.053,-118.2649,02,Rampart
09/04/2024 12:00:00 AM,2000,34.0279,-118.2421,13,Newton
09/04/2024 12:00:00 AM,2000,34.1703,-118.4291,09,Van Nuys
09/04/2024 12:00:00 AM,1433,33.995,-118.3236,12,77th Street
09/04/2024 12:00:00 AM,2117,33.9455,-118.4001,14,Pacific
09/04/2024 12:00:00 AM,0820,34.0595,-118.2749,02,Rampart
09/04/2024 12:00:00 AM,1600,34.0217,-118.2161,04,Hollenbeck
09/04/2024 12:00:00 AM,0945,33.8696,-118.2863,05,Harbor
09/04/2024 12:00:00 AM,0200,34.0306,-118.2555,13,Newton
09/04/2024 12:00:00 AM,1353,34.0635,-118.2357,01,Central
09/04/2024 12:00:00 AM,1325,34.0884,-118.2258,11,Northeast
09/04/2024 12:00:00 AM,2200,34.1903,-118.4665,09,Van Nuys
09/04/2024 12:00:00 AM,1840,33.942,-118.4095,14,Pacific
09/04/2024 12:00:00 AM,2145,34.1867,-118.3703,15,N Hollywood
09/04/2024 12:00:00 AM,1630,34.0832,-118.2572,11,Northeast
09/04/2024 12:00:00 AM,0930,34.0981,-118.2874,11,Northeast
09/04/2024 12:00:00 AM,0303,33.9675,-118.2827,12,77th Street
09/04/2024 12:00:00 AM,0001,34.0328,-118.2888,03,Southwest
09/04/2024 12:00:00 AM,1400,34.0222,-118.333,03,Southwest
09/04/2024 12:00:00 AM,0515,33.9814,-118.2937,12,77th Street
09/04/2024 12:00:00 AM,1643,34.2141,-118.4662,09,Van Nuys
09/04/2024 12:00:00 AM,0420,33.9966,-118.26,13,Newton
09/04/2024 12:00:00 AM,1633,34.1451,-118.3875,15,N Hollywood
09/04/2024 12:00:00 AM,0015,34.103,-118.305,06,Hollywood
09/04/2024 12:00:00 AM,1700,34.1912,-118.6102,21,Topanga
09/04/2024 12:00:00 AM,2258,34.0173,-118.3349,03,Southwest
09/04/2024 12:00:00 AM,1430,34.1017,-118.3072,06,Hollywood
09/04/2024 12:00:00 AM,0250,34.2242,-118.6301,21,Topanga
09/04/2024 12:00:00 AM,1900,33.7325,-118.3034,05,Harbor
09/04/2024 12:00:00 AM,2345,34.1717,-118.4758,10,West Valley
09/04/2024 12:00:00 AM,1200,34.0773,-118.2539,11,Northeast
09/04/2024 12:00:00 AM,1700,34.0762,-118.3555,07,Wilshire
09/04/2024 12:00:00 AM,1006,34.0982,-118.2918,11,Northeast
09/04/2024 12:00:00 AM,1340,34.0635,-118.2357,01,Central
09/04/2024 12:00:00 AM,2200,34.0084,-118.3304,03,Southwest
09/04/2024 12:00:00 AM,1820,34.2805,-118.5614,17,Devonshire
09/04/2024 12:00:00 AM,0326,33.9455,-118.4,14,Pacific
09/04/2024 12:00:00 AM,1520,34.0258,-118.3668,03,Southwest
09/04/2024 12:00:00 AM,1000,33.8927,-118.283,18,Southeast
09/04/2024 12:00:00 AM,1548,34.2027,-118.3745,15,N Hollywood
09/04/2024 12:00:00 AM,1200,34.0231,-118.2915,03,Southwest
09/04/2024 12:00:00 AM,0725,34.0082,-118.298,03,Southwest
09/04/2024 12:00:00 AM,0250,34.0839,-118.2781,02,Rampart
09/04/2024 12:00:00 AM,1930,34.0415,-118.262,01,Central
09/04/2024 12:00:00 AM,1715,34.0267,-118.3986,14,Pacific
09/04/2024 12:00:00 AM,1322,34.2131,-118.4584,09,Van Nuys
09/04/2024 12:00:00 AM,2100,33.7243,-118.2963,05,Harbor
09/05/2024 12:00:00 AM,1800,34.1939,-118.5098,10,West Valley
09/05/2024 12:00:00 AM,2012,34.145,-118.3702,15,N Hollywood
09/05/2024 12:00:00 AM,0217,34.0433,-118.4629,08,West LA
09/05/2024 12:00:00 AM,1440,34.0184,-118.3043,03,Southwest
09/05/2024 12:00:00 AM,1100,34.0698,-118.2528,02,Rampart
09/05/2024 12:00:00 AM,0600,34.044,-118.5524,08,West LA
09/05/2024 12:00:00 AM,1630,34.0637,-118.2857,20,Olympic
09/05/2024 12:00:00 AM,2130,33.9401,-118.2695,18,Southeast
09/05/2024 12:00:00 AM,1515,34.2075,-118.4553,09,Van Nuys
09/05/2024 12:00:00 AM,2100,34.1427,-118.2243,11,Northeast
09/05/2024 12:00:00 AM,1830,33.9383,-118.2781,18,Southeast
09/05/2024 12:00:00 AM,2300,34.0615,-118.247,01,Central
09/05/2024 12:00:00 AM,1440,34.0488,-118.2518,01,Central
09/05/2024 12:00:00 AM,1050,34.0595,-118.2749,02,Rampart
09/05/2024 12:00:00 AM,0015,34.0512,-118.3195,07,Wilshire
09/05/2024 12:00:00 AM,0815,34.3029,-118.4436,19,Mission
09/05/2024 12:00:00 AM,2210,34.0981,-118.3056,06,Hollywood
09/05/2024 12:00:00 AM,0400,34.3175,-118.4271,19,Mission
09/05/2024 12:00:00 AM,1800,33.7234,-118.299,05,Harbor
09/05/2024 12:00:00 AM,0625,34.047,-118.337,07,Wilshire
09/05/2024 12:00:00 AM,0520,33.9528,-118.287,18,Southeast
09/05/2024 12:00:00 AM,0025,34.0452,-118.2241,04,Hollenbeck
09/05/2024 12:00:00 AM,1700,34.0533,-118.3762,08,West LA
09/05/2024 12:00:00 AM,2200,33.9601,-118.2739,18,Southeast
09/05/2024 12:00:00 AM,1219,34.0347,-118.2809,03,Southwest
09/05/2024 12:00:00 AM,0300,34.2757,-118.5144,17,Devonshire
09/05/2024 12:00:00 AM,2202,34.1227,-118.3181,06,Hollywood
09/05/2024 12:00:00 AM,1530,34.0519,-118.4366,08,West LA
09/05/2024 12:00:00 AM,1800,34.2264,-118.5471,17,Devonshire
09/05/2024 12:00:00 AM,1500,34.0423,-118.2561,01,Central
09/05/2024 12:00:00 AM,2200,34.2758,-118.4479,19,Mission
09/05/2024 12:00:00 AM,0600,34.0654,-118.2992,20,Olympic
09/05/2024 12:00:00 AM,2100,34.2564,-118.4118,16,Foothill
09/05/2024 12:00:00 AM,0725,34.0346,-118.2049,04,Hollenbeck
09/05/2024 12:00:00 AM,1916,34.0669,-118.3456,07,Wilshire
09/05/2024 12:00:00 AM,2000,34.0344,-118.32,03,Southwest
09/05/2024 12:00:00 AM,1345,34.046,-118.4652,08,West LA
09/05/2024 12:00:00 AM,1200,33.9383,-118.2781,18,Southeast
09/05/2024 12:00:00 AM,2300,34.2751,-118.5728,17,Devonshire
09/05/2024 12:00:00 AM,1124,34.0428,-118.4582,08,West LA
09/05/2024 12:00:00 AM,1930,33.9906,-118.3026,12,77th Street
09/05/2024 12:00:00 AM,1300,34.0215,-118.3515,03,Southwest
09/05/2024 12:00:00 AM,1757,34.2012,-118.5296,10,West Valley
09/05/2024 12:00:00 AM,2330,34.0112,-118.4377,14,Pacific
09/05/2024 12:00:00 AM,2000,33.9803,-118.4117,14,Pacific
09/05/2024 12:00:00 AM,2030,34.2396,-118.3679,16,Foothill
09/05/2024 12:00:00 AM,1933,33.975,-118.3941,14,Pacific
09/05/2024 12:00:00 AM,1930,34.052,-118.2332,01,Central
09/05/2024 12:00:00 AM,1215,34.0339,-118.281,03,Southwest
09/05/2024 12:00:00 AM,2330,34.0835,-118.3462,07,Wilshire
09/05/2024 12:00:00 AM,1715,33.9849,-118.4445,14,Pacific
09/05/2024 12:00:00 AM,1445,34.0577,-118.3078,20,Olympic
09/05/2024 12:00:00 AM,1015,34.0777,-118.2961,02,Rampart
09/05/2024 12:00:00 AM,1615,34.2427,-118.461,19,Mission
09/05/2024 12:00:00 AM,2022,34.0708,-118.3563,07,Wilshire
09/05/2024 12:00:00 AM,0230,34.0898,-118.3244,06,Hollywood
09/05/2024 12:00:00 AM,1032,34.0268,-118.2896,03,Southwest
09/05/2024 12:00:00 AM,0001,34.0438,-118.2841,20,Olympic
09/05/2024 12:00:00 AM,1900,34.0615,-118.247,01,Central
09/05/2024 12:00:00 AM,1400,34.0376,-118.2531,13,Newton
09/05/2024 12:00:00 AM,0735,34.0982,-118.2918,11,Northeast
09/05/2024 12:00:00 AM,2200,33.8316,-118.2992,05,Harbor
09/05/2024 12:00:00 AM,1025,34.1758,-118.3812,15,N Hollywood
09/05/2024 12:00:00 AM,2359,34.3021,-118.4467,19,Mission
09/05/2024 12:00:00 AM,0900,34.0114,-118.2624,13,Newton
09/05/2024 12:00:00 AM,2000,34.0073,-118.29,03,Southwest
09/05/2024 12:00:00 AM,0300,34.0099,-118.3089,03,Southwest
09/05/2024 12:00:00 AM,1500,34.0423,-118.2595,01,Central
09/05/2024 12:00:00 AM,2340,33.9952,-118.4776,14,Pacific
09/05/2024 12:00:00 AM,1500,34.0578,-118.3078,20,Olympic
09/05/2024 12:00:00 AM,2045,34.0908,-118.3179,06,Hollywood
09/05/2024 12:00:00 AM,1730,34.054,-118.4623,08,West LA
09/05/2024 12:00:00 AM,1100,34.194,-118.3943,15,N Hollywood
09/05/2024 12:00:00 AM,1800,34.0802,-118.2832,02,Rampart
09/05/2024 12:00:00 AM,1600,34.0615,-118.247,01,Central
09/05/2024 12:00:00 AM,1944,34.1867,-118.3703,15,N Hollywood
09/05/2024 12:00:00 AM,2045,34.0601,-118.2805,02,Rampart
09/05/2024 12:00:00 AM,2200,34.3015,-118.458,19,Mission
09/05/2024 12:00:00 AM,0100,34.0277,-118.2549,13,Newton
09/05/2024 12:00:00 AM,1400,34.192,-118.4431,09,Van Nuys
09/05/2024 12:00:00 AM,1900,34.2739,-118.4945,17,Devonshire
09/05/2024 12:00:00 AM,2100,34.0654,-118.2482,01,Central
09/05/2024 12:00:00 AM,2200,34.2215,-118.4611,19,Mission
09/05/2024 12:00:00 AM,2200,34.0405,-118.2758,02,Rampart
09/05/2024 12:00:00 AM,2000,34.0484,-118.3515,07,Wilshire
09/05/2024 12:00:00 AM,2340,34.034,-118.1969,04,Hollenbeck
09/05/2024 12:00:00 AM,2100,33.9939,-118.4533,14,Pacific
09/05/2024 12:00:00 AM,1825,34.0376,-118.2166,04,Hollenbeck
09/05/2024 12:00:00 AM,0934,34.2141,-118.4662,09,Van Nuys
09/05/2024 12:00:00 AM,1800,34.0612,-118.2785,02,Rampart
09/05/2024 12:00:00 AM,1130,34.3138,-118.4385,19,Mission
09/05/2024 12:00:00 AM,2110,34.0607,-118.3042,20,Olympic
09/05/2024 12:00:00 AM,1000,34.0777,-118.2961,02,Rampart
09/05/2024 12:00:00 AM,1909,34.2085,-118.4698,09,Van Nuys
09/05/2024 12:00:00 AM,2045,34.0309,-118.3002,03,Southwest
09/05/2024 12:00:00 AM,1340,34.0494,-118.4866,08,West LA
09/05/2024 12:00:00 AM,1102,34.1904,-118.6059,21,Topanga
09/05/2024 12:00:00 AM,1315,34.1092,-118.2528,11,Northeast
09/05/2024 12:00:00 AM,1800,34.0419,-118.2669,01,Central
09/05/2024 12:00:00 AM,1100,34.0705,-118.2791,02,Rampart
09/05/2024 12:00:00 AM,0730,34.0939,-118.3068,06,Hollywood
09/05/2024 12:00:00 AM,2330,34.02,-118.2944,03,Southwest
09/05/2024 12:00:00 AM,1115,34.04,-118.2864,20,Olympic
09/05/2024 12:00:00 AM,1540,34.1006,-118.3417,06,Hollywood
09/05/2024 12:00:00 AM,1445,34.0982,-118.2918,11,Northeast
09/05/2024 12:00:00 AM,2145,34.098,-118.3651,06,Hollywood
09/05/2024 12:00:00 AM,2049,34.1436,-118.3953,15,N Hollywood
09/05/2024 12:00:00 AM,1944,34.244,-118.5583,17,Devonshire
09/05/2024 12:00:00 AM,1707,34.2139,-118.5295,10,West Valley
09/05/2024 12:00:00 AM,2230,34.153,-118.4432,09,Van Nuys
09/05/2024 12:00:00 AM,1100,34.1659,-118.5696,21,Topanga
09/05/2024 12:00:00 AM,0940,34.0428,-118.4582,08,West LA
09/05/2024 12:00:00 AM,1035,34.072,-118.2065,04,Hollenbeck
09/05/2024 12:00:00 AM,1940,33.9745,-118.333,12,77th Street
09/05/2024 12:00:00 AM,1247,34.0732,-118.2189,04,Hollenbeck
09/05/2024 12:00:00 AM,1200,34.2245,-118.5975,21,Topanga
09/05/2024 12:00:00 AM,1100,34.2057,-118.4618,09,Van Nuys
09/05/2024 12:00:00 AM,2200,33.7925,-118.3012,05,Harbor
09/05/2024 12:00:00 AM,1415,34.1266,-118.3454,15,N Hollywood
09/05/2024 12:00:00 AM,1940,34.0101,-118.274,13,Newton
09/05/2024 12:00:00 AM,0530,34.1687,-118.4003,15,N Hollywood
09/05/2024 12:00:00 AM,0001,34.2559,-118.281,16,Foothill
09/05/2024 12:00:00 AM,2130,34.2281,-118.4553,19,Mission
09/05/2024 12:00:00 AM,0831,33.9485,-118.2461,18,Southeast
09/05/2024 12:00:00 AM,0830,33.9984,-118.2521,13,Newton
09/05/2024 12:00:00 AM,1530,34.244,-118.5583,17,Devonshire
09/05/2024 12:00:00 AM,0550,34.2027,-118.3745,15,N Hollywood
09/05/2024 12:00:00 AM,1630,34.1867,-118.3965,15,N Hollywood
09/05/2024 12:00:00 AM,0400,34.3227,-118.4277,19,Mission
09/05/2024 12:00:00 AM,0800,34.0539,-118.2436,01,Central
09/05/2024 12:00:00 AM,2346,34.0907,-118.3332,06,Hollywood
09/05/2024 12:00:00 AM,0924,34.0832,-118.2572,11,Northeast
09/05/2024 12:00:00 AM,1600,34.1839,-118.536,10,West Valley
09/05/2024 12:00:00 AM,1530,34.0391,-118.2241,04,Hollenbeck
09/05/2024 12:00:00 AM,1715,34.1576,-118.4618,09,Van Nuys
09/05/2024 12:00:00 AM,0245,34.1727,-118.5557,10,West Valley
09/05/2024 12:00:00 AM,2300,34.0251,-118.278,03,Southwest
09/05/2024 12:00:00 AM,0510,33.9455,-118.4,14,Pacific
09/05/2024 12:00:00 AM,1631,34.1451,-118.3875,15,N Hollywood
09/05/2024 12:00:00 AM,2000,33.9892,-118.2849,12,77th Street
09/05/2024 12:00:00 AM,1730,34.1707,-118.5407,10,West Valley
09/05/2024 12:00:00 AM,0200,34.1931,-118.4094,15,N Hollywood
09/05/2024 12:00:00 AM,0530,33.9906,-118.2827,12,77th Street
09/05/2024 12:00:00 AM,1139,33.973,-118.2696,12,77th Street
09/05/2024 12:00:00 AM,1930,34.0647,-118.3424,07,Wilshire
09/05/2024 12:00:00 AM,1221,34.0307,-118.2923,03,Southwest
09/05/2024 12:00:00 AM,0140,34.1217,-118.1717,11,Northeast
09/05/2024 12:00:00 AM,1028,34.0728,-118.2878,20,Olympic
09/05/2024 12:00:00 AM,1835,33.9774,-118.2814,12,77th Street
09/05/2024 12:00:00 AM,1601,34.2342,-118.4436,19,Mission
09/05/2024 12:00:00 AM,1500,34.0328,-118.2959,03,Southwest
09/05/2024 12:00:00 AM,1030,33.9401,-118.2794,18,Southeast
09/05/2024 12:00:00 AM,1330,34.0454,-118.3157,20,Olympic
09/05/2024 12:00:00 AM,1738,34.1883,-118.6274,21,Topanga
09/05/2024 12:00:00 AM,2200,34.3072,-118.473,19,Mission
09/05/2024 12:00:00 AM,1900,34.0501,-118.2593,01,Central
09/05/2024 12:00:00 AM,1125,34.0408,-118.2644,01,Central
09/05/2024 12:00:00 AM,1241,34.2721,-118.4674,19,Mission
09/05/2024 12:00:00 AM,2330,34.2429,-118.485,17,Devonshire
09/05/2024 12:00:00 AM,1700,34.0215,-118.1975,04,Hollenbeck
09/05/2024 12:00:00 AM,0700,34.1985,-118.4472,09,Van Nuys
09/05/2024 12:00:00 AM,0745,33.9664,-118.3068,12,77th Street
09/05/2024 12:00:00 AM,1800,33.7442,-118.2797,05,Harbor
09/05/2024 12:00:00 AM,1336,34.0594,-118.2833,02,Rampart
09/05/2024 12:00:00 AM,1620,34.0364,-118.2964,03,Southwest
09/05/2024 12:00:00 AM,2330,33.9249,-118.2848,18,Southeast
09/05/2024 12:00:00 AM,1830,34.1993,-118.5437,10,West Valley
09/05/2024 12:00:00 AM,0845,33.7934,-118.2483,05,Harbor
09/05/2024 12:00:00 AM,1800,34.1939,-118.4662,09,Van Nuys
09/05/2024 12:00:00 AM,1700,33.9817,-118.4134,14,Pacific
09/05/2024 12:00:00 AM,1500,34.0578,-118.3078,20,Olympic
09/05/2024 12:00:00 AM,1700,34.087,-118.2085,04,Hollenbeck
09/05/2024 12:00:00 AM,1845,34.0334,-118.3523,03,Southwest
09/05/2024 12:00:00 AM,1900,34.0268,-118.2896,03,Southwest
09/05/2024 12:00:00 AM,1550,34.0432,-118.2504,01,Central
09/05/2024 12:00:00 AM,2100,34.0982,-118.2918,11,Northeast
09/05/2024 12:00:00 AM,1005,34.0575,-118.3581,07,Wilshire
09/05/2024 12:00:00 AM,2100,33.7433,-118.2879,05,Harbor
09/05/2024 12:00:00 AM,1813,34.0818,-118.2609,11,Northeast
09/05/2024 12:00:00 AM,2200,34.2309,-118.3878,16,Foothill
09/05/2024 12:00:00 AM,2340,34.2249,-118.3845,16,Foothill
09/05/2024 12:00:00 AM,1514,33.798,-118.2604,05,Harbor
09/05/2024 12:00:00 AM,1200,34.087,-118.3753,07,Wilshire
09/05/2024 12:00:00 AM,1738,34.0274,-118.285,03,Southwest
09/05/2024 12:00:00 AM,1200,34.0617,-118.2044,04,Hollenbeck
09/05/2024 12:00:00 AM,0020,34.0467,-118.252,01,Central
09/05/2024 12:00:00 AM,0300,33.9849,-118.4445,14,Pacific
09/05/2024 12:00:00 AM,1500,34.0326,-118.3272,03,Southwest
09/05/2024 12:00:00 AM,1500,34.0184,-118.3043,03,Southwest
09/05/2024 12:00:00 AM,0630,34.0419,-118.2669,01,Central
09/05/2024 12:00:00 AM,0245,34.1849,-118.3834,15,N Hollywood
09/05/2024 12:00:00 AM,1600,33.7798,-118.2651,05,Harbor
09/05/2024 12:00:00 AM,1529,34.0428,-118.4582,08,West LA
09/05/2024 12:00:00 AM,0231,34.0802,-118.3574,07,Wilshire
09/05/2024 12:00:00 AM,0903,34.0669,-118.3456,07,Wilshire
09/05/2024 12:00:00 AM,1300,34.098,-118.3266,06,Hollywood
09/05/2024 12:00:00 AM,1100,34.0898,-118.3244,06,Hollywood
09/05/2024 12:00:00 AM,0600,33.9274,-118.2826,18,Southeast
09/05/2024 12:00:00 AM,2100,33.962,-118.2608,12,77th Street
09/05/2024 12:00:00 AM,2300,34.2793,-118.5021,17,Devonshire
09/05/2024 12:00:00 AM,1700,34.0336,-118.2091,04,Hollenbeck
09/05/2024 12:00:00 AM,0200,33.7948,-118.2694,05,Harbor
09/05/2024 12:00:00 AM,0805,33.9568,-118.429,14,Pacific
09/05/2024 12:00:00 AM,0530,34.0264,-118.4045,14,Pacific
09/05/2024 12:00:00 AM,0220,34.0212,-118.319,03,Southwest
09/05/2024 12:00:00 AM,0830,34.1638,-118.4087,15,N Hollywood
09/05/2024 12:00:00 AM,1545,34.0812,-118.2032,04,Hollenbeck
09/05/2024 12:00:00 AM,0700,33.7454,-118.2804,05,Harbor
09/05/2024 12:00:00 AM,1500,34.0578,-118.3078,20,Olympic
09/05/2024 12:00:00 AM,0330,33.9727,-118.2941,12,77th Street
09/05/2024 12:00:00 AM,2300,34.0438,-118.4647,08,West LA
09/05/2024 12:00:00 AM,0820,34.0428,-118.4582,08,West LA
09/05/2024 12:00:00 AM,0710,34.1666,-118.3605,15,N Hollywood
09/05/2024 12:00:00 AM,2000,34.2856,-118.4561,19,Mission
09/05/2024 12:00:00 AM,2350,34.0435,-118.2427,01,Central
09/05/2024 12:00:00 AM,0620,34.1507,-118.4422,09,Van Nuys
09/05/2024 12:00:00 AM,1600,34.0483,-118.2631,01,Central
09/05/2024 12:00:00 AM,1439,34.0584,-118.2811,02,Rampart
09/05/2024 12:00:00 AM,1542,34.0075,-118.2775,13,Newton
09/05/2024 12:00:00 AM,2300,33.9817,-118.3187,12,77th Street
09/05/2024 12:00:00 AM,1900,33.949,-118.3859,14,Pacific
09/05/2024 12:00:00 AM,1000,34.098,-118.35,06,Hollywood
09/05/2024 12:00:00 AM,0740,34.172,-118.3789,15,N Hollywood
09/05/2024 12:00:00 AM,1521,34.1686,-118.4467,09,Van Nuys
09/05/2024 12:00:00 AM,0247,34.1686,-118.522,10,West Valley
09/05/2024 12:00:00 AM,0730,34.0136,-118.256,13,Newton
09/05/2024 12:00:00 AM,1000,34.0473,-118.2877,20,Olympic
09/05/2024 12:00:00 AM,2142,34.0319,-118.21,04,Hollenbeck
09/05/2024 12:00:00 AM,1825,34.0595,-118.2749,02,Rampart
09/05/2024 12:00:00 AM,1200,34.0594,-118.3814,08,West LA
09/05/2024 12:00:00 AM,0900,34.0516,-118.4398,08,West LA
09/05/2024 12:00:00 AM,1625,34.043,-118.2606,01,Central
09/05/2024 12:00:00 AM,1100,33.9527,-118.3003,12,77th Street
09/05/2024 12:00:00 AM,2010,34.2439,-118.4163,16,Foothill
09/05/2024 12:00:00 AM,1536,33.7906,-118.2289,05,Harbor
09/05/2024 12:00:00 AM,1505,33.9485,-118.2461,18,Southeast
09/05/2024 12:00:00 AM,1413,33.966,-118.4127,14,Pacific
09/05/2024 12:00:00 AM,1458,34.0501,-118.3442,07,Wilshire
09/05/2024 12:00:00 AM,1730,34.0501,-118.2558,01,Central
09/05/2024 12:00:00 AM,1230,34.244,-118.5583,17,Devonshire
09/05/2024 12:00:00 AM,1900,34.1888,-118.5583,10,West Valley
09/05/2024 12:00:00 AM,1900,33.977,-118.4188,14,Pacific
09/05/2024 12:00:00 AM,1638,33.7464,-118.3108,05,Harbor
09/05/2024 12:00:00 AM,2325,34.2139,-118.3965,16,Foothill
09/05/2024 12:00:00 AM,1310,34.0215,-118.2868,03,Southwest
09/05/2024 12:00:00 AM,2200,34.1958,-118.4116,15,N Hollywood
09/05/2024 12:00:00 AM,1227,34.0328,-118.2888,03,Southwest
09/05/2024 12:00:00 AM,0941,34.0473,-118.2089,04,Hollenbeck
09/05/2024 12:00:00 AM,0220,33.9805,-118.2937,12,77th Street
09/05/2024 12:00:00 AM,1810,34.0636,-118.3004,20,Olympic
09/05/2024 12:00:00 AM,0740,34.0652,-118.2878,20,Olympic
09/05/2024 12:00:00 AM,2124,34.0956,-118.2918,11,Northeast
09/05/2024 12:00:00 AM,2130,34.1509,-118.4433,09,Van Nuys
09/05/2024 12:00:00 AM,0300,34.2048,-118.5316,10,West Valley
09/05/2024 12:00:00 AM,2000,34.2696,-118.4027,16,Foothill
09/05/2024 12:00:00 AM,0145,34.2337,-118.4536,19,Mission
09/05/2024 12:00:00 AM,0820,34.0501,-118.2593,01,Central
09/05/2024 12:00:00 AM,1030,34.0414,-118.2319,01,Central
09/05/2024 12:00:00 AM,1637,34.0594,-118.2046,04,Hollenbeck
09/05/2024 12:00:00 AM,1730,34.1504,-118.4117,15,N Hollywood
09/05/2024 12:00:00 AM,1244,34.0672,-118.2941,20,Olympic
09/05/2024 12:00:00 AM,1505,34.0184,-118.3043,03,Southwest
09/05/2024 12:00:00 AM,1300,34.0387,-118.2612,01,Central
09/05/2024 12:00:00 AM,1944,34.244,-118.5583,17,Devonshire
09/05/2024 12:00:00 AM,1010,34.0573,-118.2699,02,Rampart
09/05/2024 12:00:00 AM,1600,34.042,-118.4531,08,West LA
09/05/2024 12:00:00 AM,2230,34.2722,-118.4417,19,Mission
09/05/2024 12:00:00 AM,1530,33.9826,-118.4695,14,Pacific
09/06/2024 12:00:00 AM,2230,34.1365,-118.1875,11,Northeast
09/06/2024 12:00:00 AM,0830,33.7896,-118.2933,05,Harbor
09/06/2024 12:00:00 AM,1957,34.0736,-118.3563,07,Wilshire
09/06/2024 12:00:00 AM,0630,34.0549,-118.2511,01,Central
09/06/2024 12:00:00 AM,0850,34.0595,-118.2749,02,Rampart
09/06/2024 12:00:00 AM,2000,34.061,-118.3619,07,Wilshire
09/06/2024 12:00:00 AM,1438,34.166,-118.5095,10,West Valley
09/06/2024 12:00:00 AM,1242,34.0878,-118.2626,11,Northeast
09/06/2024 12:00:00 AM,2144,34.0458,-118.4507,08,West LA
09/06/2024 12:00:00 AM,1730,34.058,-118.241,01,Central
09/06/2024 12:00:00 AM,0730,34.2469,-118.4195,16,Foothill
09/06/2024 12:00:00 AM,0430,34.2674,-118.4184,16,Foothill
09/06/2024 12:00:00 AM,1420,34.1016,-118.3246,06,Hollywood
09/06/2024 12:00:00 AM,2000,34.0168,-118.2531,13,Newton
09/06/2024 12:00:00 AM,1800,34.2417,-118.4141,16,Foothill
09/06/2024 12:00:00 AM,1642,34.0183,-118.2832,03,Southwest
09/06/2024 12:00:00 AM,1217,34.0428,-118.4582,08,West LA
09/06/2024 12:00:00 AM,1900,34.0623,-118.3483,07,Wilshire
09/06/2024 12:00:00 AM,0720,34.0595,-118.2749,02,Rampart
09/06/2024 12:00:00 AM,1710,34.0376,-118.2166,04,Hollenbeck
09/06/2024 12:00:00 AM,1925,34.0483,-118.2631,01,Central
09/06/2024 12:00:00 AM,2350,34.0999,-118.3038,06,Hollywood
09/06/2024 12:00:00 AM,1530,34.0415,-118.4677,08,West LA
09/06/2024 12:00:00 AM,1900,33.9923,-118.3002,12,77th Street
09/06/2024 12:00:00 AM,0030,33.9455,-118.4004,14,Pacific
09/06/2024 12:00:00 AM,2205,34.0464,-118.2708,02,Rampart
09/06/2024 12:00:00 AM,1600,34.0261,-118.298,03,Southwest
09/06/2024 12:00:00 AM,1300,34.1703,-118.4367,09,Van Nuys
09/06/2024 12:00:00 AM,2330,34.04,-118.2974,20,Olympic
09/06/2024 12:00:00 AM,2340,34.0004,-118.414,14,Pacific
09/06/2024 12:00:00 AM,1516,34.057,-118.2691,02,Rampart
09/06/2024 12:00:00 AM,0500,34.0319,-118.4281,08,West LA
09/06/2024 12:00:00 AM,0130,34.1877,-118.4443,09,Van Nuys
09/06/2024 12:00:00 AM,1500,33.7848,-118.2975,05,Harbor
09/06/2024 12:00:00 AM,1900,34.0454,-118.3225,07,Wilshire
09/06/2024 12:00:00 AM,2000,34.2283,-118.472,19,Mission
09/06/2024 12:00:00 AM,0800,33.9851,-118.2783,13,Newton
09/06/2024 12:00:00 AM,1645,33.9455,-118.4001,14,Pacific
09/06/2024 12:00:00 AM,1530,34.2339,-118.5025,17,Devonshire
09/06/2024 12:00:00 AM,1200,34.0744,-118.2617,02,Rampart
09/06/2024 12:00:00 AM,1445,34.1016,-118.3246,06,Hollywood
09/06/2024 12:00:00 AM,1250,33.9611,-118.2917,12,77th Street
09/06/2024 12:00:00 AM,2145,34.0423,-118.2453,01,Central
09/06/2024 12:00:00 AM,1704,34.0534,-118.4615,08,West LA
09/06/2024 12:00:00 AM,0200,34.0918,-118.3157,06,Hollywood
09/06/2024 12:00:00 AM,2045,33.7316,-118.3012,05,Harbor
09/06/2024 12:00:00 AM,0830,34.0542,-118.3702,07,Wilshire
09/06/2024 12:00:00 AM,2325,34.1007,-118.3494,06,Hollywood
09/06/2024 12:00:00 AM,0015,34.2539,-118.4153,16,Foothill
09/06/2024 12:00:00 AM,1800,34.1722,-118.5077,10,West Valley
09/06/2024 12:00:00 AM,1800,34.0017,-118.3002,12,77th Street
09/06/2024 12:00:00 AM,1200,34.02,-118.2059,04,Hollenbeck
09/06/2024 12:00:00 AM,1030,34.0577,-118.3053,20,Olympic
09/06/2024 12:00:00 AM,1500,33.979,-118.4669,14,Pacific
09/06/2024 12:00:00 AM,1401,34.0264,-118.2209,04,Hollenbeck
09/06/2024 12:00:00 AM,1320,34.0359,-118.2531,13,Newton
09/06/2024 12:00:00 AM,1030,34.2464,-118.5842,17,Devonshire
09/06/2024 12:00:00 AM,1800,34.0303,-118.2809,03,Southwest
09/06/2024 12:00:00 AM,1444,33.9845,-118.468,14,Pacific
09/06/2024 12:00:00 AM,0320,34.0561,-118.2375,01,Central
09/06/2024 12:00:00 AM,0811,34.0786,-118.2788,02,Rampart
09/06/2024 12:00:00 AM,1600,33.9347,-118.2761,18,Southeast
09/06/2024 12:00:00 AM,1430,33.939,-118.2314,18,Southeast
09/06/2024 12:00:00 AM,0750,34.1865,-118.6087,21,Topanga
09/06/2024 12:00:00 AM,1405,34.0909,-118.2917,02,Rampart
09/06/2024 12:00:00 AM,0003,34.0183,-118.3521,03,Southwest
09/06/2024 12:00:00 AM,0652,34.0466,-118.259,01,Central
09/06/2024 12:00:00 AM,2335,34.0462,-118.2371,01,Central
09/06/2024 12:00:00 AM,1230,34.0273,-118.297,03,Southwest
09/06/2024 12:00:00 AM,2000,33.9184,-118.2892,18,Southeast
09/06/2024 12:00:00 AM,0800,34.1639,-118.3727,15,N Hollywood
09/06/2024 12:00:00 AM,2300,34.0398,-118.3374,07,Wilshire
09/06/2024 12:00:00 AM,2230,34.046,-118.2493,01,Central
09/06/2024 12:00:00 AM,2315,34.0225,-118.2812,03,Southwest
09/06/2024 12:00:00 AM,1550,34.0524,-118.2467,01,Central
09/06/2024 12:00:00 AM,0930,34.1152,-118.1898,11,Northeast
09/06/2024 12:00:00 AM,1230,34.0907,-118.3332,06,Hollywood
09/06/2024 12:00:00 AM,0320,34.2249,-118.443,19,Mission
09/06/2024 12:00:00 AM,1350,34.0669,-118.3456,07,Wilshire
09/06/2024 12:00:00 AM,0230,34.2535,-118.4249,16,Foothill
09/06/2024 12:00:00 AM,2030,34.0661,-118.2335,01,Central
09/06/2024 12:00:00 AM,2200,34.095,-118.2531,11,Northeast
09/06/2024 12:00:00 AM,1700,34.2009,-118.5229,10,West Valley
09/06/2024 12:00:00 AM,2015,33.7935,-118.2607,05,Harbor
09/06/2024 12:00:00 AM,1200,34.1123,-118.3693,06,Hollywood
09/06/2024 12:00:00 AM,1430,34.2572,-118.5951,17,Devonshire
09/06/2024 12:00:00 AM,1655,34.023,-118.2777,03,Southwest
09/06/2024 12:00:00 AM,1800,34.1721,-118.4422,09,Van Nuys
09/06/2024 12:00:00 AM,1800,34.0505,-118.2509,01,Central
09/06/2024 12:00:00 AM,0815,33.8588,-118.2905,05,Harbor
09/06/2024 12:00:00 AM,2330,34.0516,-118.2491,01,Central
09/06/2024 12:00:00 AM,1900,34.2752,-118.4603,19,Mission
09/06/2024 12:00:00 AM,0030,33.9455,-118.4004,14,Pacific
09/06/2024 12:00:00 AM,0600,34.0444,-118.2407,01,Central
09/06/2024 12:00:00 AM,2200,34.0634,-118.3041,20,Olympic
09/06/2024 12:00:00 AM,0733,34.2121,-118.3867,16,Foothill
09/06/2024 12:00:00 AM,1425,34.0455,-118.3467,07,Wilshire
09/06/2024 12:00:00 AM,1920,34.0483,-118.372,07,Wilshire
09/06/2024 12:00:00 AM,1215,34.0258,-118.3668,03,Southwest
09/06/2024 12:00:00 AM,2215,34.0225,-118.2812,03,Southwest
09/06/2024 12:00:00 AM,1400,34.0605,-118.2634,02,Rampart
09/06/2024 12:00:00 AM,2340,34.1865,-118.6234,21,Topanga
09/06/2024 12:00:00 AM,1200,34.0621,-118.2619,02,Rampart
09/06/2024 12:00:00 AM,2110,34.0659,-118.2339,01,Central
09/06/2024 12:00:00 AM,0300,34.0553,-118.2634,02,Rampart
09/06/2024 12:00:00 AM,0900,33.9611,-118.2871,12,77th Street
09/06/2024 12:00:00 AM,2300,34.1004,-118.3414,06,Hollywood
09/06/2024 12:00:00 AM,1839,34.0931,-118.2983,11,Northeast
09/06/2024 12:00:00 AM,0245,34.1993,-118.4662,09,Van Nuys
09/06/2024 12:00:00 AM,2300,34.0309,-118.3041,03,Southwest
09/06/2024 12:00:00 AM,1505,34.069,-118.3116,20,Olympic
09/06/2024 12:00:00 AM,0230,34.2048,-118.4312,09,Van Nuys
09/06/2024 12:00:00 AM,0400,34.0337,-118.2665,01,Central
09/06/2024 12:00:00 AM,2230,34.2722,-118.4417,19,Mission
09/06/2024 12:00:00 AM,1915,34.232,-118.6006,21,Topanga
09/06/2024 12:00:00 AM,1430,34.0939,-118.3092,06,Hollywood
09/06/2024 12:00:00 AM,0100,34.3037,-118.477,19,Mission
09/06/2024 12:00:00 AM,0600,34.1977,-118.536,10,West Valley
09/06/2024 12:00:00 AM,2000,34.0982,-118.2973,11,Northeast
09/06/2024 12:00:00 AM,1100,34.1052,-118.2598,11,Northeast
09/06/2024 12:00:00 AM,1400,34.1704,-118.402,15,N Hollywood
09/06/2024 12:00:00 AM,1145,33.9419,-118.263,18,Southeast
09/06/2024 12:00:00 AM,1415,33.7639,-118.2934,05,Harbor
09/06/2024 12:00:00 AM,1915,34.0466,-118.252,01,Central
09/06/2024 12:00:00 AM,2250,34.2421,-118.4116,16,Foothill
09/06/2024 12:00:00 AM,1800,34.1821,-118.4387,09,Van Nuys
09/06/2024 12:00:00 AM,2200,34.0712,-118.3004,20,Olympic
09/06/2024 12:00:00 AM,1900,34.2408,-118.558,17,Devonshire
09/06/2024 12:00:00 AM,0433,34.1504,-118.4366,09,Van Nuys
09/06/2024 12:00:00 AM,2111,34.0653,-118.3116,20,Olympic
09/06/2024 12:00:00 AM,0700,34.0337,-118.427,08,West LA
09/06/2024 12:00:00 AM,1300,34.0934,-118.2961,11,Northeast
09/06/2024 12:00:00 AM,1200,34.0383,-118.4557,08,West LA
09/06/2024 12:00:00 AM,2230,34.2518,-118.5865,17,Devonshire
09/06/2024 12:00:00 AM,1020,33.9431,-118.401,14,Pacific
09/06/2024 12:00:00 AM,1115,34.1576,-118.3772,15,N Hollywood
09/06/2024 12:00:00 AM,1430,34.2132,-118.4991,10,West Valley
09/06/2024 12:00:00 AM,0500,34.2048,-118.3845,15,N Hollywood
09/06/2024 12:00:00 AM,1800,34.2147,-118.5142,10,West Valley
09/06/2024 12:00:00 AM,1200,33.9632,-118.2739,12,77th Street
09/06/2024 12:00:00 AM,1440,34.0561,-118.2941,20,Olympic
09/06/2024 12:00:00 AM,1530,34.0439,-118.462,08,West LA
09/06/2024 12:00:00 AM,0700,34.07,-118.1998,04,Hollenbeck
09/06/2024 12:00:00 AM,1640,33.9791,-118.4092,14,Pacific
09/06/2024 12:00:00 AM,1436,34.3033,-118.5174,17,Devonshire
09/06/2024 12:00:00 AM,1541,34.1115,-118.2893,11,Northeast
09/06/2024 12:00:00 AM,1445,34.0595,-118.2749,02,Rampart
09/06/2024 12:00:00 AM,1645,33.9383,-118.2566,18,Southeast
09/06/2024 12:00:00 AM,0230,34.2886,-118.4542,19,Mission
09/06/2024 12:00:00 AM,2000,34.1822,-118.4155,09,Van Nuys
09/06/2024 12:00:00 AM,1050,34.0109,-118.2959,03,Southwest
09/06/2024 12:00:00 AM,1230,34.0258,-118.3668,03,Southwest
09/06/2024 12:00:00 AM,0357,34.0364,-118.2964,03,Southwest
09/06/2024 12:00:00 AM,1700,34.0527,-118.3626,07,Wilshire
09/06/2024 12:00:00 AM,2044,34.0511,-118.4643,08,West LA
09/06/2024 12:00:00 AM,1750,33.7452,-118.2817,05,Harbor
09/06/2024 12:00:00 AM,1700,33.7927,-118.2751,05,Harbor
09/06/2024 12:00:00 AM,1329,34.2148,-118.5404,10,West Valley
09/06/2024 12:00:00 AM,2230,34.0659,-118.2339,01,Central
09/06/2024 12:00:00 AM,1808,34.0487,-118.3846,08,West LA
09/06/2024 12:00:00 AM,1630,33.743,-118.2625,05,Harbor
09/06/2024 12:00:00 AM,1120,34.0595,-118.2749,02,Rampart
09/06/2024 12:00:00 AM,1213,34.0458,-118.2614,01,Central
09/06/2024 12:00:00 AM,2330,34.0919,-118.2823,02,Rampart
09/06/2024 12:00:00 AM,2220,34.0474,-118.2496,01,Central
09/06/2024 12:00:00 AM,0221,34.1855,-118.6146,21,Topanga
09/06/2024 12:00:00 AM,0545,34.0907,-118.3332,06,Hollywood
09/06/2024 12:00:00 AM,1100,34.0694,-118.3645,07,Wilshire
09/06/2024 12:00:00 AM,2100,33.98,-118.4384,14,Pacific
09/06/2024 12:00:00 AM,2035,34.0391,-118.2174,04,Hollenbeck
09/06/2024 12:00:00 AM,1225,34.2967,-118.4553,19,Mission
09/06/2024 12:00:00 AM,1419,34.2732,-118.4268,16,Foothill
09/06/2024 12:00:00 AM,1300,34.0261,-118.298,03,Southwest
09/06/2024 12:00:00 AM,1600,34.0804,-118.275,02,Rampart
09/06/2024 12:00:00 AM,0500,34.009,-118.3138,03,Southwest
09/06/2024 12:00:00 AM,1600,34.2523,-118.5482,17,Devonshire
09/06/2024 12:00:00 AM,1720,34.078,-118.2605,02,Rampart
09/06/2024 12:00:00 AM,1800,33.9791,-118.4092,14,Pacific
09/06/2024 12:00:00 AM,1537,34.2139,-118.6103,21,Topanga
09/06/2024 12:00:00 AM,1800,34.0423,-118.2561,01,Central
09/06/2024 12:00:00 AM,1045,34.1599,-118.4766,10,West Valley
09/06/2024 12:00:00 AM,0345,34.2265,-118.4365,19,Mission
09/06/2024 12:00:00 AM,0005,34.1812,-118.6418,21,Topanga
09/06/2024 12:00:00 AM,0130,34.2781,-118.426,16,Foothill
09/06/2024 12:00:00 AM,1740,33.932,-118.2795,18,Southeast
09/06/2024 12:00:00 AM,1500,34.0762,-118.3452,07,Wilshire
09/06/2024 12:00:00 AM,1725,34.0521,-118.3864,08,West LA
09/06/2024 12:00:00 AM,1243,34.2354,-118.5448,17,Devonshire
09/06/2024 12:00:00 AM,1800,34.1016,-118.3452,06,Hollywood
09/06/2024 12:00:00 AM,2030,34.1887,-118.4247,09,Van Nuys
09/06/2024 12:00:00 AM,1140,34.034,-118.1969,04,Hollenbeck
09/06/2024 12:00:00 AM,1520,34.027,-118.2794,03,Southwest
09/06/2024 12:00:00 AM,2200,34.0409,-118.4579,08,West LA
09/06/2024 12:00:00 AM,2250,33.9806,-118.3338,12,77th Street
09/06/2024 12:00:00 AM,1535,34.0907,-118.3332,06,Hollywood
09/06/2024 12:00:00 AM,0630,34.0672,-118.3003,20,Olympic
09/06/2024 12:00:00 AM,0205,34.0609,-118.2823,02,Rampart
09/06/2024 12:00:00 AM,0800,34.2282,-118.558,17,Devonshire
09/06/2024 12:00:00 AM,2100,34.0667,-118.2843,20,Olympic
09/06/2024 12:00:00 AM,1500,34.1936,-118.4166,15,N Hollywood
09/06/2024 12:00:00 AM,2310,34.0338,-118.2708,01,Central
09/06/2024 12:00:00 AM,0415,34.0236,-118.2393,13,Newton
09/06/2024 12:00:00 AM,1711,34.244,-118.5583,17,Devonshire
09/06/2024 12:00:00 AM,0810,34.0595,-118.2749,02,Rampart
09/06/2024 12:00:00 AM,2300,34.0659,-118.2339,01,Central
09/06/2024 12:00:00 AM,2000,34.1775,-118.5374,10,West Valley
09/06/2024 12:00:00 AM,1945,34.0428,-118.4582,08,West LA
09/06/2024 12:00:00 AM,1800,34.107,-118.1923,11,Northeast
09/06/2024 12:00:00 AM,0400,34.3037,-118.477,19,Mission
09/06/2024 12:00:00 AM,0900,34.0573,-118.2699,02,Rampart
09/06/2024 12:00:00 AM,0640,34.0861,-118.2807,02,Rampart
09/06/2024 12:00:00 AM,1730,34.0591,-118.3205,20,Olympic
09/06/2024 12:00:00 AM,1730,34.0297,-118.4407,14,Pacific
09/06/2024 12:00:00 AM,2300,34.0496,-118.2677,02,Rampart
09/06/2024 12:00:00 AM,2014,34.2027,-118.3745,15,N Hollywood
09/06/2024 12:00:00 AM,1330,34.0078,-118.2859,03,Southwest
09/06/2024 12:00:00 AM,2300,33.7755,-118.2647,05,Harbor
09/06/2024 12:00:00 AM,0830,34.0419,-118.2351,01,Central
09/06/2024 12:00:00 AM,1844,34.1883,-118.6274,21,Topanga
09/06/2024 12:00:00 AM,0804,34.0833,-118.2814,02,Rampart
09/06/2024 12:00:00 AM,1412,34.0993,-118.3115,06,Hollywood
09/06/2024 12:00:00 AM,1700,34.0346,-118.3003,03,Southwest
09/06/2024 12:00:00 AM,0030,34.0449,-118.2415,01,Central
09/06/2024 12:00:00 AM,1625,34.0428,-118.4582,08,West LA
09/06/2024 12:00:00 AM,1800,33.9428,-118.2674,18,Southeast
09/06/2024 12:00:00 AM,0915,34.0595,-118.2749,02,Rampart
09/06/2024 12:00:00 AM,0830,34.0549,-118.2511,01,Central
09/06/2024 12:00:00 AM,0800,34.0256,-118.2049,04,Hollenbeck
09/06/2024 12:00:00 AM,0040,34.098,-118.331,06,Hollywood
09/06/2024 12:00:00 AM,2154,34.0659,-118.2339,01,Central
09/06/2024 12:00:00 AM,2000,34.0659,-118.2339,01,Central
09/06/2024 12:00:00 AM,1700,34.2568,-118.4026,16,Foothill
09/06/2024 12:00:00 AM,0930,33.9429,-118.403,14,Pacific
09/06/2024 12:00:00 AM,2315,33.9871,-118.4733,14,Pacific
09/06/2024 12:00:00 AM,0615,34.0403,-118.2421,01,Central
09/06/2024 12:00:00 AM,0030,34.1576,-118.4094,09,Van Nuys
09/06/2024 12:00:00 AM,2330,34.0545,-118.3021,20,Olympic
09/06/2024 12:00:00 AM,1953,34.0396,-118.259,01,Central
09/06/2024 12:00:00 AM,1200,34.0096,-118.2857,03,Southwest
09/06/2024 12:00:00 AM,1415,34.0595,-118.2749,02,Rampart
09/06/2024 12:00:00 AM,1335,33.9965,-118.477,14,Pacific
09/06/2024 12:00:00 AM,1840,34.0916,-118.2577,11,Northeast
09/06/2024 12:00:00 AM,1300,34.2177,-118.4287,19,Mission
09/06/2024 12:00:00 AM,2315,34.0962,-118.3288,06,Hollywood
09/06/2024 12:00:00 AM,0001,34.1687,-118.3627,15,N Hollywood
09/06/2024 12:00:00 AM,0950,34.2722,-118.4417,19,Mission
09/06/2024 12:00:00 AM,1200,33.9907,-118.2608,13,Newton
09/06/2024 12:00:00 AM,1900,34.0685,-118.2775,02,Rampart
09/06/2024 12:00:00 AM,1500,33.9358,-118.2916,18,Southeast
09/06/2024 12:00:00 AM,1300,34.0669,-118.2632,02,Rampart
09/06/2024 12:00:00 AM,1405,34.0595,-118.2749,02,Rampart
09/06/2024 12:00:00 AM,0500,34.1684,-118.39,15,N Hollywood
09/06/2024 12:00:00 AM,1850,34.034,-118.1969,04,Hollenbeck
09/06/2024 12:00:00 AM,0542,34.2176,-118.4227,15,N Hollywood
09/07/2024 12:00:00 AM,1100,34.2805,-118.5614,17,Devonshire
09/07/2024 12:00:00 AM,1500,34.0462,-118.2585,01,Central
09/07/2024 12:00:00 AM,1400,34.1884,-118.5975,21,Topanga
09/07/2024 12:00:00 AM,1900,33.9983,-118.2783,13,Newton
09/07/2024 12:00:00 AM,0245,34.0962,-118.3223,06,Hollywood
09/07/2024 12:00:00 AM,1213,34.1867,-118.4053,15,N Hollywood
09/07/2024 12:00:00 AM,1635,34.0724,-118.2467,11,Northeast
09/07/2024 12:00:00 AM,1900,34.023,-118.2944,03,Southwest
09/07/2024 12:00:00 AM,0830,34.1518,-118.462,09,Van Nuys
09/07/2024 12:00:00 AM,2100,34.0573,-118.2474,01,Central
09/07/2024 12:00:00 AM,1830,34.1631,-118.3648,15,N Hollywood
09/07/2024 12:00:00 AM,1246,33.9773,-118.3718,14,Pacific
09/07/2024 12:00:00 AM,1800,34.2866,-118.5754,17,Devonshire
09/07/2024 12:00:00 AM,1250,34.0258,-118.3668,03,Southwest
09/07/2024 12:00:00 AM,0230,33.9915,-118.2739,13,Newton
09/07/2024 12:00:00 AM,1000,34.2403,-118.456,19,Mission
09/07/2024 12:00:00 AM,1600,34.0454,-118.2333,01,Central
09/07/2024 12:00:00 AM,0730,34.0652,-118.2878,20,Olympic
09/07/2024 12:00:00 AM,1850,33.9893,-118.2594,13,Newton
09/07/2024 12:00:00 AM,1200,34.0323,-118.217,04,Hollenbeck
09/07/2024 12:00:00 AM,0720,34.0652,-118.2878,20,Olympic
09/07/2024 12:00:00 AM,1700,34.1558,-118.4116,15,N Hollywood
09/07/2024 12:00:00 AM,1314,34.2523,-118.2898,16,Foothill
09/07/2024 12:00:00 AM,1600,34.0966,-118.2744,11,Northeast
09/07/2024 12:00:00 AM,0900,34.0431,-118.2692,01,Central
09/07/2024 12:00:00 AM,0400,34.1383,-118.3662,15,N Hollywood
09/07/2024 12:00:00 AM,1515,34.0635,-118.2357,01,Central
09/07/2024 12:00:00 AM,1430,34.0508,-118.2586,01,Central
09/07/2024 12:00:00 AM,0600,34.0222,-118.333,03,Southwest
09/07/2024 12:00:00 AM,1131,34.1311,-118.1888,11,Northeast
09/07/2024 12:00:00 AM,2038,34.0659,-118.2339,01,Central
09/07/2024 12:00:00 AM,1930,34.2144,-118.4309,19,Mission
09/07/2024 12:00:00 AM,1900,34.2465,-118.4216,16,Foothill
09/07/2024 12:00:00 AM,0100,34.0309,-118.2821,03,Southwest
09/07/2024 12:00:00 AM,1800,34.0408,-118.2644,01,Central
09/07/2024 12:00:00 AM,0330,34.0337,-118.2665,01,Central
09/07/2024 12:00:00 AM,1500,34.0202,-118.2063,04,Hollenbeck
09/07/2024 12:00:00 AM,1036,34.0396,-118.4425,08,West LA
09/07/2024 12:00:00 AM,1700,34.2318,-118.5797,17,Devonshire
09/07/2024 12:00:00 AM,1300,34.1576,-118.4387,09,Van Nuys
09/07/2024 12:00:00 AM,1015,34.0713,-118.2291,01,Central
09/07/2024 12:00:00 AM,2300,34.1016,-118.35,06,Hollywood
09/07/2024 12:00:00 AM,0150,34.098,-118.331,06,Hollywood
09/07/2024 12:00:00 AM,1005,34.0615,-118.2412,01,Central
09/07/2024 12:00:00 AM,1435,34.0508,-118.2586,01,Central
09/07/2024 12:00:00 AM,0740,34.0549,-118.2511,01,Central
09/07/2024 12:00:00 AM,1600,34.0659,-118.2293,01,Central
09/07/2024 12:00:00 AM,1300,34.1811,-118.5317,10,West Valley
09/07/2024 12:00:00 AM,1740,33.9702,-118.2652,12,77th Street
09/07/2024 12:00:00 AM,0001,34.1034,-118.3325,06,Hollywood
09/07/2024 12:00:00 AM,1430,34.1904,-118.6059,21,Topanga
09/07/2024 12:00:00 AM,2300,33.9402,-118.2652,18,Southeast
09/07/2024 12:00:00 AM,1937,34.0884,-118.2258,11,Northeast
09/07/2024 12:00:00 AM,1545,34.0273,-118.3024,03,Southwest
09/07/2024 12:00:00 AM,2200,34.0259,-118.2536,13,Newton
09/07/2024 12:00:00 AM,0615,34.0334,-118.2699,13,Newton
09/07/2024 12:00:00 AM,1705,34.0508,-118.2586,01,Central
09/07/2024 12:00:00 AM,2030,34.0528,-118.255,01,Central
09/07/2024 12:00:00 AM,1400,34.0753,-118.3887,07,Wilshire
09/07/2024 12:00:00 AM,0600,34.0492,-118.2391,01,Central
09/07/2024 12:00:00 AM,2025,34.0146,-118.2872,03,Southwest
09/07/2024 12:00:00 AM,0001,34.1493,-118.3682,15,N Hollywood
09/07/2024 12:00:00 AM,2200,34.1922,-118.5812,21,Topanga
09/07/2024 12:00:00 AM,0001,34.0067,-118.2542,13,Newton
09/07/2024 12:00:00 AM,2000,33.7798,-118.2666,05,Harbor
09/07/2024 12:00:00 AM,1300,34.0462,-118.2585,01,Central
09/07/2024 12:00:00 AM,2015,33.9547,-118.4413,14,Pacific
09/07/2024 12:00:00 AM,1300,33.9906,-118.4391,14,Pacific
09/07/2024 12:00:00 AM,1450,34.0462,-118.2585,01,Central
09/07/2024 12:00:00 AM,1135,33.9693,-118.285,12,77th Street
09/07/2024 12:00:00 AM,2307,34.0344,-118.225,04,Hollenbeck
09/07/2024 12:00:00 AM,0500,34.0496,-118.2677,02,Rampart
09/07/2024 12:00:00 AM,2004,34.163,-118.3735,15,N Hollywood
09/07/2024 12:00:00 AM,0135,34.0997,-118.3361,06,Hollywood
09/07/2024 12:00:00 AM,1645,34.0454,-118.2658,01,Central
09/07/2024 12:00:00 AM,2100,34.0659,-118.2339,01,Central
09/07/2024 12:00:00 AM,0950,34.1293,-118.2221,11,Northeast
09/07/2024 12:00:00 AM,2108,34.1589,-118.3742,15,N Hollywood
09/07/2024 12:00:00 AM,2330,34.1867,-118.4225,09,Van Nuys
09/07/2024 12:00:00 AM,1455,34.098,-118.3468,06,Hollywood
09/07/2024 12:00:00 AM,1428,33.9761,-118.3726,14,Pacific
09/07/2024 12:00:00 AM,1105,34.2756,-118.5702,17,Devonshire
09/07/2024 12:00:00 AM,2008,34.0736,-118.3563,07,Wilshire
09/07/2024 12:00:00 AM,2010,34.0292,-118.4107,14,Pacific
09/07/2024 12:00:00 AM,1300,34.0536,-118.4293,08,West LA
09/07/2024 12:00:00 AM,1418,34.0233,-118.3384,03,Southwest
09/07/2024 12:00:00 AM,1145,33.9939,-118.2478,13,Newton
09/07/2024 12:00:00 AM,2100,34.239,-118.4535,19,Mission
09/07/2024 12:00:00 AM,1740,33.9431,-118.401,14,Pacific
09/07/2024 12:00:00 AM,1430,34.0635,-118.2357,01,Central
09/07/2024 12:00:00 AM,2300,34.3058,-118.4402,19,Mission
09/07/2024 12:00:00 AM,2300,34.0812,-118.252,11,Northeast
09/07/2024 12:00:00 AM,1450,34.172,-118.3789,15,N Hollywood
09/07/2024 12:00:00 AM,2030,34.0573,-118.2474,01,Central
09/07/2024 12:00:00 AM,1553,33.9773,-118.3718,14,Pacific
09/07/2024 12:00:00 AM,0613,34.0328,-118.2683,01,Central
09/07/2024 12:00:00 AM,1600,34.0507,-118.4683,08,West LA
09/07/2024 12:00:00 AM,0330,34.2813,-118.5109,17,Devonshire
09/07/2024 12:00:00 AM,0245,34.0268,-118.3754,03,Southwest
09/07/2024 12:00:00 AM,2100,34.3156,-118.4472,19,Mission
09/07/2024 12:00:00 AM,1801,34.2756,-118.5702,17,Devonshire
09/07/2024 12:00:00 AM,0001,34.0542,-118.3702,07,Wilshire
09/07/2024 12:00:00 AM,1300,34.3081,-118.419,19,Mission
09/07/2024 12:00:00 AM,0255,33.9347,-118.2761,18,Southeast
09/07/2024 12:00:00 AM,2200,34.0064,-118.29,03,Southwest
09/07/2024 12:00:00 AM,0001,33.9871,-118.4732,14,Pacific
09/07/2024 12:00:00 AM,2300,34.1649,-118.4596,09,Van Nuys
09/07/2024 12:00:00 AM,1100,34.0535,-118.2491,01,Central
09/07/2024 12:00:00 AM,1740,34.2374,-118.4197,19,Mission
09/07/2024 12:00:00 AM,1910,33.986,-118.4319,14,Pacific
09/07/2024 12:00:00 AM,2000,34.2229,-118.6214,21,Topanga
09/07/2024 12:00:00 AM,1016,34.2337,-118.4675,19,Mission
09/07/2024 12:00:00 AM,2300,33.9655,-118.4247,14,Pacific
09/07/2024 12:00:00 AM,0820,34.0436,-118.3145,20,Olympic
09/07/2024 12:00:00 AM,0800,34.0652,-118.2878,20,Olympic
09/07/2024 12:00:00 AM,1700,33.9383,-118.2739,18,Southeast
09/07/2024 12:00:00 AM,0820,33.9727,-118.2871,12,77th Street
09/07/2024 12:00:00 AM,1000,34.1235,-118.2172,11,Northeast
09/07/2024 12:00:00 AM,1500,34.0635,-118.2357,01,Central
09/07/2024 12:00:00 AM,2200,34.162,-118.3706,15,N Hollywood
09/07/2024 12:00:00 AM,1500,34.0338,-118.3151,03,Southwest
09/07/2024 12:00:00 AM,0830,34.0618,-118.2891,20,Olympic
09/07/2024 12:00:00 AM,1455,33.9773,-118.3718,14,Pacific
09/07/2024 12:00:00 AM,1230,34.0474,-118.2496,01,Central
09/07/2024 12:00:00 AM,1420,34.0635,-118.2357,01,Central
09/07/2024 12:00:00 AM,2300,34.0295,-118.249,13,Newton
09/07/2024 12:00:00 AM,0855,34.0652,-118.2878,20,Olympic
09/07/2024 12:00:00 AM,2330,33.9759,-118.4156,14,Pacific
09/07/2024 12:00:00 AM,1600,34.0966,-118.2744,11,Northeast
09/07/2024 12:00:00 AM,1735,33.9455,-118.4001,14,Pacific
09/07/2024 12:00:00 AM,1155,33.9472,-118.3909,14,Pacific
09/07/2024 12:00:00 AM,2140,34.0417,-118.2584,01,Central
09/07/2024 12:00:00 AM,0704,34.2048,-118.4469,09,Van Nuys
09/07/2024 12:00:00 AM,1845,34.1325,-118.5043,10,West Valley
09/07/2024 12:00:00 AM,1700,34.0203,-118.2852,03,Southwest
09/07/2024 12:00:00 AM,1815,34.0573,-118.2474,01,Central
09/07/2024 12:00:00 AM,0140,34.0374,-118.2069,04,Hollenbeck
09/07/2024 12:00:00 AM,1230,33.9367,-118.2871,18,Southeast
09/07/2024 12:00:00 AM,1030,33.9237,-118.2544,18,Southeast
09/07/2024 12:00:00 AM,2105,34.166,-118.5095,10,West Valley
09/07/2024 12:00:00 AM,0730,34.0496,-118.2677,02,Rampart
09/07/2024 12:00:00 AM,0833,34.0549,-118.2511,01,Central
09/07/2024 12:00:00 AM,2330,33.984,-118.3134,12,77th Street
09/07/2024 12:00:00 AM,1730,34.0431,-118.2692,01,Central
09/07/2024 12:00:00 AM,0630,34.0652,-118.2878,20,Olympic
09/07/2024 12:00:00 AM,1600,34.0201,-118.3672,03,Southwest
09/07/2024 12:00:00 AM,1616,34.0453,-118.3269,07,Wilshire
09/07/2024 12:00:00 AM,0840,33.9999,-118.462,14,Pacific
09/07/2024 12:00:00 AM,0930,34.2918,-118.5167,17,Devonshire
09/07/2024 12:00:00 AM,1100,34.0335,-118.2737,13,Newton
09/07/2024 12:00:00 AM,0211,34.0487,-118.2588,01,Central
09/07/2024 12:00:00 AM,0120,34.0998,-118.331,06,Hollywood
09/07/2024 12:00:00 AM,0930,34.1564,-118.463,09,Van Nuys
09/07/2024 12:00:00 AM,2330,34.0146,-118.2872,03,Southwest
09/07/2024 12:00:00 AM,1418,34.172,-118.3789,15,N Hollywood
09/07/2024 12:00:00 AM,0001,34.1001,-118.3092,06,Hollywood
09/07/2024 12:00:00 AM,0410,34.1042,-118.3072,06,Hollywood
09/07/2024 12:00:00 AM,1200,34.2085,-118.4837,10,West Valley
09/07/2024 12:00:00 AM,1900,33.9555,-118.2767,18,Southeast
09/07/2024 12:00:00 AM,2000,34.0573,-118.2474,01,Central
09/07/2024 12:00:00 AM,1830,33.9765,-118.4631,14,Pacific
09/07/2024 12:00:00 AM,1500,34.0293,-118.3882,14,Pacific
09/07/2024 12:00:00 AM,1500,34.0238,-118.2058,04,Hollenbeck
09/07/2024 12:00:00 AM,0630,34.0549,-118.2511,01,Central
09/07/2024 12:00:00 AM,0600,34.023,-118.2439,13,Newton
09/07/2024 12:00:00 AM,1415,34.0508,-118.2586,01,Central
09/07/2024 12:00:00 AM,0100,34.0836,-118.2966,02,Rampart
09/07/2024 12:00:00 AM,2300,34.1962,-118.3911,15,N Hollywood
09/07/2024 12:00:00 AM,2135,34.1016,-118.3321,06,Hollywood
09/07/2024 12:00:00 AM,1100,34.1711,-118.4618,09,Van Nuys
09/07/2024 12:00:00 AM,0545,34.2291,-118.5737,17,Devonshire
09/07/2024 12:00:00 AM,1100,34.1703,-118.4389,09,Van Nuys
09/07/2024 12:00:00 AM,0700,34.0453,-118.2443,01,Central
09/07/2024 12:00:00 AM,1230,34.2215,-118.4488,19,Mission
09/07/2024 12:00:00 AM,0700,33.928,-118.2782,18,Southeast
09/07/2024 12:00:00 AM,1257,34.034,-118.1969,04,Hollenbeck
09/07/2024 12:00:00 AM,0750,34.0549,-118.2511,01,Central
09/07/2024 12:00:00 AM,1100,34.0335,-118.2737,13,Newton
09/07/2024 12:00:00 AM,1909,34.244,-118.5583,17,Devonshire
09/07/2024 12:00:00 AM,1210,34.0258,-118.3668,03,Southwest
09/07/2024 12:00:00 AM,1120,34.2048,-118.4513,09,Van Nuys
09/07/2024 12:00:00 AM,2300,33.9827,-118.3407,12,77th Street
09/07/2024 12:00:00 AM,1445,34.0508,-118.2586,01,Central
09/07/2024 12:00:00 AM,0256,34.2573,-118.5388,17,Devonshire
09/07/2024 12:00:00 AM,2300,34.098,-118.331,06,Hollywood
09/07/2024 12:00:00 AM,2219,34.0853,-118.3321,06,Hollywood
09/07/2024 12:00:00 AM,1330,34.2012,-118.4312,09,Van Nuys
09/07/2024 12:00:00 AM,0903,34.0082,-118.2716,13,Newton
09/07/2024 12:00:00 AM,2130,34.058,-118.241,01,Central
09/07/2024 12:00:00 AM,1100,33.9655,-118.2827,12,77th Street
09/07/2024 12:00:00 AM,1534,34.0365,-118.2768,03,Southwest
09/07/2024 12:00:00 AM,1100,34.1905,-118.5404,10,West Valley
09/07/2024 12:00:00 AM,0530,34.0672,-118.2941,20,Olympic
09/07/2024 12:00:00 AM,1730,34.0573,-118.2474,01,Central
09/07/2024 12:00:00 AM,0400,34.0818,-118.2868,02,Rampart
09/07/2024 12:00:00 AM,1930,33.9988,-118.2827,12,77th Street
09/07/2024 12:00:00 AM,0830,34.0652,-118.2878,20,Olympic
09/07/2024 12:00:00 AM,1800,33.785,-118.2583,05,Harbor
09/07/2024 12:00:00 AM,0300,34.1016,-118.3246,06,Hollywood
09/07/2024 12:00:00 AM,0200,34.0446,-118.249,01,Central
09/07/2024 12:00:00 AM,2000,34.1894,-118.3889,15,N Hollywood
09/07/2024 12:00:00 AM,1335,34.0017,-118.2849,12,77th Street
09/07/2024 12:00:00 AM,2040,33.7915,-118.3028,05,Harbor
09/07/2024 12:00:00 AM,2250,34.0291,-118.297,03,Southwest
09/07/2024 12:00:00 AM,1452,34.2065,-118.599,21,Topanga
09/07/2024 12:00:00 AM,2000,34.0522,-118.4378,08,West LA
09/07/2024 12:00:00 AM,2030,34.0573,-118.2474,01,Central
09/07/2024 12:00:00 AM,1100,34.1016,-118.3321,06,Hollywood
09/07/2024 12:00:00 AM,1230,34.1621,-118.4618,09,Van Nuys
09/07/2024 12:00:00 AM,1415,34.027,-118.4074,14,Pacific
09/07/2024 12:00:00 AM,2130,34.1899,-118.6315,21,Topanga
09/07/2024 12:00:00 AM,2018,34.2322,-118.5113,17,Devonshire
09/07/2024 12:00:00 AM,1900,33.9994,-118.2499,13,Newton
09/07/2024 12:00:00 AM,1740,34.275,-118.5543,17,Devonshire
09/07/2024 12:00:00 AM,1400,34.0306,-118.23,13,Newton
09/07/2024 12:00:00 AM,2205,34.2011,-118.5666,21,Topanga
09/07/2024 12:00:00 AM,1130,34.1311,-118.1888,11,Northeast
09/07/2024 12:00:00 AM,1030,34.0636,-118.3047,20,Olympic
09/07/2024 12:00:00 AM,1210,34.0265,-118.3717,03,Southwest
09/07/2024 12:00:00 AM,0001,33.959,-118.3827,14,Pacific
09/07/2024 12:00:00 AM,1530,34.2647,-118.4517,19,Mission
09/07/2024 12:00:00 AM,2000,34.0558,-118.2436,01,Central
09/07/2024 12:00:00 AM,0100,34.0047,-118.274,13,Newton
09/07/2024 12:00:00 AM,1100,33.8419,-118.3028,05,Harbor
09/07/2024 12:00:00 AM,1213,34.1867,-118.4053,15,N Hollywood
09/07/2024 12:00:00 AM,1140,34.0978,-118.3817,06,Hollywood
09/07/2024 12:00:00 AM,0130,34.0209,-118.2776,13,Newton
09/07/2024 12:00:00 AM,2330,34.0066,-118.26,13,Newton
09/07/2024 12:00:00 AM,2100,34.0573,-118.2474,01,Central
09/07/2024 12:00:00 AM,1500,33.9646,-118.309,12,77th Street
09/07/2024 12:00:00 AM,0520,34.0404,-118.2821,02,Rampart
09/07/2024 12:00:00 AM,1800,34.0659,-118.2293,01,Central
09/07/2024 12:00:00 AM,2355,33.9873,-118.4729,14,Pacific
09/07/2024 12:00:00 AM,0200,33.931,-118.2739,18,Southeast
09/07/2024 12:00:00 AM,2100,33.9609,-118.309,12,77th Street
09/07/2024 12:00:00 AM,1545,34.0431,-118.2692,01,Central
09/07/2024 12:00:00 AM,1200,34.0699,-118.3511,07,Wilshire
09/07/2024 12:00:00 AM,0830,34.2246,-118.5775,17,Devonshire
09/07/2024 12:00:00 AM,0630,34.0473,-118.2566,01,Central
09/07/2024 12:00:00 AM,1910,33.986,-118.4319,14,Pacific
09/07/2024 12:00:00 AM,2230,34.0423,-118.2561,01,Central
09/07/2024 12:00:00 AM,1500,33.7406,-118.2946,05,Harbor
09/07/2024 12:00:00 AM,1606,34.172,-118.3789,15,N Hollywood
09/07/2024 12:00:00 AM,1030,33.9918,-118.4446,14,Pacific
09/07/2024 12:00:00 AM,0001,34.0998,-118.3211,06,Hollywood
09/07/2024 12:00:00 AM,2230,34.0495,-118.3215,07,Wilshire
09/07/2024 12:00:00 AM,1430,34.038,-118.4436,08,West LA
09/07/2024 12:00:00 AM,1518,34.0607,-118.3557,07,Wilshire
09/07/2024 12:00:00 AM,1600,34.0419,-118.2523,01,Central
09/07/2024 12:00:00 AM,2025,34.0546,-118.2447,01,Central
09/07/2024 12:00:00 AM,0105,34.046,-118.251,01,Central
09/07/2024 12:00:00 AM,0630,34.0501,-118.4601,08,West LA
09/07/2024 12:00:00 AM,1430,34.0559,-118.3078,20,Olympic
09/07/2024 12:00:00 AM,1530,34.2579,-118.3342,16,Foothill
09/07/2024 12:00:00 AM,1200,33.9696,-118.2739,12,77th Street
09/07/2024 12:00:00 AM,1130,34.0474,-118.2496,01,Central
09/07/2024 12:00:00 AM,2141,34.0516,-118.2561,01,Central
09/07/2024 12:00:00 AM,1025,33.9455,-118.4001,14,Pacific
09/07/2024 12:00:00 AM,2301,34.203,-118.4778,10,West Valley
09/07/2024 12:00:00 AM,2150,34.2482,-118.4502,19,Mission
09/07/2024 12:00:00 AM,1641,34.2941,-118.5874,17,Devonshire
09/07/2024 12:00:00 AM,1400,34.0459,-118.1968,04,Hollenbeck
09/07/2024 12:00:00 AM,1153,34.1884,-118.5975,21,Topanga
09/07/2024 12:00:00 AM,1500,34.2482,-118.5361,17,Devonshire
09/07/2024 12:00:00 AM,1540,34.172,-118.3789,15,N Hollywood
09/07/2024 12:00:00 AM,1847,34.0462,-118.2628,01,Central
09/07/2024 12:00:00 AM,1218,34.0258,-118.3668,03,Southwest
09/07/2024 12:00:00 AM,1505,33.9999,-118.462,14,Pacific
09/07/2024 12:00:00 AM,1800,33.7978,-118.2753,05,Harbor
09/07/2024 12:00:00 AM,1500,34.0431,-118.2692,01,Central
09/07/2024 12:00:00 AM,1433,34.2139,-118.3943,16,Foothill
09/07/2024 12:00:00 AM,2015,34.0203,-118.2852,03,Southwest
09/07/2024 12:00:00 AM,0525,34.0261,-118.3996,14,Pacific
09/07/2024 12:00:00 AM,1830,34.2719,-118.4214,16,Foothill
09/07/2024 12:00:00 AM,1100,34.0986,-118.2962,11,Northeast
09/07/2024 12:00:00 AM,0030,34.0559,-118.302,20,Olympic
09/07/2024 12:00:00 AM,0001,34.2247,-118.4553,19,Mission
09/07/2024 12:00:00 AM,2200,34.0665,-118.4534,08,West LA
09/07/2024 12:00:00 AM,1250,34.0258,-118.3668,03,Southwest
